site_plot_id,field_groundstorey,field_understorey,field_midstorey,field_upperstorey,groundstorey_rel_density,groundstorey_rel_density_w,groundstorey_capture,groundstorey_capture_w,understorey_rel_density,understorey_rel_density_w,understorey_capture,understorey_capture_w,midstorey_rel_density,midstorey_rel_density_w,midstorey_capture,midstorey_capture_w,upperstorey_rel_density,upperstorey_rel_density_w,upperstorey_capture,upperstorey_capture_w
AGG_O_01_P1,9.0,3.0,0.0,20.0,19.583479918727438,20.040612992594546,47.10753073655602,47.58957462398682,8.299043807900913,6.886897035168299,15.808908805225075,13.233880357361555,0.0,0.0,0.0,0.0,48.069094922968326,48.25144684398709,48.069094922968326,48.25144684398709
AGG_O_01_P2,6.0,3.0,0.0,9.0,14.771844649699428,14.871917327449854,40.01774556556941,40.26129689778348,8.889967193744697,7.257912518042958,16.962558722940074,14.209935690584402,0.0,0.0,0.0,0.0,49.03565567075283,49.75952872831854,49.03565567075283,49.75952872831855
AGG_O_01_P3,3.0,3.0,0.0,17.0,16.320253579551505,16.731634912464195,46.72917317916507,47.35970576522511,10.122963808649873,8.838799874493215,21.04401104709638,18.724461332839038,0.0,0.0,0.0,0.0,53.02895077383661,53.49185328595959,53.02895077383663,53.49185328595959
AGG_O_01_P4,9.0,18.0,19.0,2.0,14.221226433992678,15.177263155111802,62.13070142531756,62.735738381774276,36.440707262404295,35.06625908064975,61.61419278229072,60.16244126877861,24.440202775894278,24.712229718536687,29.238301511804742,29.404581746961426,16.15245549147348,16.071951195938368,16.15245549147348,16.07195119593837
AGG_O_01_P5,12.0,10.0,17.0,2.0,8.542778253593813,8.995911028714849,46.74539540062493,47.5367896802575,25.217955943391924,23.967261336941696,55.051999637518044,53.89203339316063,36.70700177387741,37.01100111357753,46.77760861569066,47.32460815025311,20.03911989491215,20.40686037824831,20.03911989491215,20.40686037824831
AGG_O_05_P1,3.0,2.0,0.0,9.0,17.000152682699454,17.513946937356046,44.98442623222997,44.93712534294017,8.00878551146669,6.770753918433277,16.268134176901157,13.947125867122795,0.0,0.0,0.0,0.0,52.20789434167735,51.882576210654996,52.20789434167735,51.882576210654996
AGG_O_05_P2,24.0,2.0,0.0,8.0,17.916087498065455,18.77489073237291,44.97424243112573,44.95797065474549,9.249176201399422,8.061966403912757,16.82261309933804,14.651045557804645,0.0,0.0,0.0,0.0,49.4834875531516,48.64713843724488,49.4834875531516,48.64713843724488
AGG_O_05_P3,12.0,15.0,0.0,9.0,15.349608109889306,15.649538319139442,42.840779058791135,42.954877217891664,9.459620206700647,8.513039000780843,18.403380180184428,16.81810754451809,0.0,0.0,0.0,0.0,53.83009024326183,54.12506309556765,53.83009024326183,54.12506309556765
AGG_O_05_P4,12.0,14.0,62.0,0.0,6.740463907569513,6.123595786776089,49.19518942209212,49.225655700696066,9.550177261239504,8.153318949648495,37.98665879635692,37.16386689198829,55.380537049395684,57.26583055629312,69.55557842869695,72.02612793945177,21.593528966694997,22.250199213885235,21.593528966694997,22.250199213885235
AGG_O_05_P5,20.0,7.0,64.0,19.0,5.764314369095922,5.480726453817167,50.57956284262889,50.86049371004287,11.9549349670081,11.224643822830807,47.64163114032375,47.409590434817275,52.70656258423846,53.65900524801219,68.59236545760544,69.89719189366822,25.27744074797012,25.80168036297122,25.27744074797012,25.80168036297122
AGG_O_07_P1,9.0,2.0,1.0,38.0,14.421079457913374,15.799822936957419,35.85390766699246,36.15982475804296,17.413472260776096,17.22875521988273,30.43670168768174,29.269398425141617,0.0,0.0,0.0,0.0,45.13635204837902,42.25095269929107,45.13635204837902,42.25095269929107
AGG_O_07_P2,17.0,38.0,0.0,0.0,11.125271932577158,10.995301665537099,30.446747377493672,30.63984121713944,64.3070586572968,65.09410490799377,64.87246069887792,65.66445906682824,0.0,0.0,0.0,0.0,0.8384107285269254,0.8520064404441079,0.8384107285269254,0.852006440444108
AGG_O_07_P3,23.0,54.0,0.0,0.0,11.207060952568515,11.058142222837889,29.40262722478449,29.638440419985518,63.88419897340595,64.91407655079095,63.88419897340595,64.91407655079095,0.0,0.0,0.0,0.0,0.0,0.0,0.0,0.0
AGG_O_07_P4,8.0,19.0,3.0,0.0,8.249546658698211,8.369968954126419,24.589641973659788,24.961247074692146,65.44260796803752,66.7346700788964,67.43413714825557,68.36724467356522,0.0,0.0,0.0,0.0,3.59302683049129,3.013022510745828,3.59302683049129,3.013022510745828
AGG_O_07_P5,6.0,21.0,0.0,9.0,18.553941504126843,20.049822131663348,42.52771709154051,43.03372941611854,32.96446733856352,33.40639258580846,41.819971294419325,41.12835852553216,0.0,0.0,0.0,0.0,25.487661350405084,22.32451952264836,25.487661350405084,22.324519522648366
AGG_Y_02_P1,60.0,51.0,0.0,0.0,39.939370723646036,41.34067234581102,75.34630943559688,77.18083564310851,45.59357224429798,44.99089131165051,46.05290526262953,45.31310893230485,0.0,0.0,0.0,0.0,0.8326842633237529,0.6207078112028299,0.8326842633237529,0.62070781120283
AGG_Y_02_P2,65.0,62.0,0.0,0.0,35.84859167727228,36.6857831536497,80.36206969154438,82.39437211302287,55.63092404218829,55.64956828217289,55.71495392250384,55.71502484354027,0.0,0.0,0.0,0.0,0.1587434853244714,0.12365577489998131,0.1587434853244714,0.12365577489998131
AGG_Y_02_P3,38.0,46.0,0.0,0.0,32.543319705114016,33.475117785863716,76.30265180285262,77.99469234819718,56.90396513679067,56.679822996497265,57.22501349080025,56.904873047280255,0.0,0.0,0.0,0.0,0.6786521634569506,0.5065807771608275,0.6786521634569506,0.5065807771608275
AGG_Y_02_P4,16.0,14.0,26.0,6.0,12.222699570391793,12.547554531424773,43.091091286238644,43.53996617463987,18.204920561082815,16.88426838321076,41.50110566001901,39.96252702805513,47.14647217708813,48.46654264546692,54.988682731684065,56.66710299270639,10.59828401219688,10.712491397186445,10.59828401219688,10.712491397186445
AGG_Y_02_P5,5.0,4.0,46.0,15.0,3.6131920555842885,2.788052679091066,43.31546235329822,43.26428223986697,1.0083508087166477,0.7099708704753394,10.596456585645758,10.037775608002855,72.66132385333506,73.91267608226441,88.00161677050497,90.18851912546121,18.118729412118963,18.98775521632683,18.118729412118963,18.987755216326825
AGG_Y_03_P1,7.0,21.0,54.0,0.0,2.880252456585864,2.570821943554314,41.5446616930944,41.67634709076757,17.77578539964203,16.50099510455973,70.40890122011851,71.06170442877617,70.63787119172963,72.93421760000804,74.14726138044495,76.38670151831307,4.974401844827957,4.887707214104128,4.974401844827958,4.887707214104129
AGG_Y_03_P2,4.0,5.0,47.0,3.0,3.9343101905144193,4.0302582294595215,39.88817700180481,40.13249177149391,9.77859336281778,9.035658486248122,53.674330157370676,53.18508282358088,78.20212543967723,79.17400051610241,80.6371384986412,81.59340087745697,3.12518385826983,3.1572062896280193,3.12518385826983,3.1572062896280193
AGG_Y_03_P3,8.0,27.0,7.0,0.0,28.61760172792249,30.214648134584216,52.014568810035975,52.894829107356465,40.981062081928414,39.63125199391151,42.838936411705795,41.10759456078489,0.0,0.0,0.0,0.0,3.707788605136987,2.97370248109099,3.707788605136987,2.9737024810909904
AGG_Y_04_P1,7.0,24.0,0.0,0.0,42.475546881072034,44.359870160399076,65.29528211162796,65.87263100139879,35.63937266960387,33.15418944310092,35.724939437420105,33.213472866086086,0.0,0.0,0.0,0.0,0.16221659369448505,0.12398844132599407,0.16221659369448505,0.12398844132599407
AGG_Y_04_P2,11.0,3.0,0.0,0.0,35.3775134285646,36.886649811618184,66.23107181847406,66.57261299636632,40.30609258630813,38.55983802988834,42.35408322320566,40.354907027254896,0.0,0.0,0.0,0.0,3.2505517861783746,2.7725852773289223,3.2505517861783746,2.772585277328923
AGG_Y_04_P3,15.0,7.0,0.0,5.0,37.77429627781407,39.375173931770114,50.318382711320254,50.454590960925536,24.008567750286268,21.002049092153328,24.05272985786051,21.03453747662443,0.0,0.0,0.0,0.0,0.08295482398045899,0.06573326513213539,0.08295482398045899,0.0657332651321354
AGG_Y_04_P4,7.0,10.0,12.0,0.0,14.793326931108442,15.68380731842505,51.752754414106036,51.94210570920116,26.692722430899952,24.98679411383345,53.38981107737947,51.91299575770781,42.83265061632701,43.80084649504291,44.76327396500441,45.6189220804398,4.840325337168079,4.571460247813315,4.840325337168079,4.571460247813315
AGG_Y_04_P5,19.0,22.0,9.0,0.0,8.271614999034222,8.309393422017047,42.156060604468124,42.36261395248874,28.48397203722255,27.015045814512956,59.65215613198016,59.13243996381608,44.6124936592358,46.82885822615211,48.592314700447645,50.731635564999955,8.012250496757357,7.683497099908595,8.012250496757357,7.683497099908595
EPO_O_04_P1,3.0,13.0,30.0,9.0,2.283713908332436,1.984096540494506,18.328560970490837,18.191434140253534,5.772883405979854,4.765275811989543,22.82684508711331,20.977435711702892,41.87268147282191,41.615758987971255,67.57163218298436,69.68757247890973,37.183657051232814,39.487416076458416,37.183657051232814,39.487416076458416
EPO_O_04_P2,3.0,4.0,42.0,13.0,2.477161439501158,2.1835440656819376,22.136573027103935,22.068541529713347,4.204204571134299,3.4515669714416832,21.79431171183772,20.623403181331092,46.77602327945773,46.66823019983911,75.3535149896919,77.55893558752939,37.38149651456923,39.51178456011935,37.38149651456923,39.51178456011935
EPO_O_04_P3,3.0,3.0,28.0,16.0,4.076270626910934,3.8515331291136685,28.188792509266346,28.153813468712123,3.8810067826740657,3.252092661764409,17.254921118764468,16.171219005478022,44.56267095864911,43.62218607516512,70.96536610278777,72.45958842407812,37.6884189330373,40.40724545676785,37.6884189330373,40.40724545676785
EPO_O_04_P4,2.0,8.0,20.0,18.0,2.5022613804324263,2.375291791110329,20.239461389466044,20.27783680561704,5.421523672114984,4.660075355271543,22.010754493473236,20.68348231676126,42.92388009643159,42.502901524470744,70.3536758150417,72.15021588538616,38.19176232183943,40.335674211769486,38.19176232183943,40.335674211769486
EPO_O_04_P5,4.0,12.0,21.0,7.0,2.3088441293364403,2.0811765193617195,22.27638075760079,22.285814639214525,3.8610266127457638,3.2684193816215714,19.42527919675516,18.42778954641025,44.96193734608112,44.51690830383515,74.32796981055775,76.08379181123426,39.35124451897736,41.525705376069354,39.35124451897736,41.525705376069354
EPO_O_13_P1,24.0,5.0,0.0,24.0,12.508080969180027,13.380667961971012,35.45446393166858,35.22960608874512,13.722422512336532,12.700360283505304,27.58045447025542,25.317033903929037,0.0,0.0,0.0,0.0,53.29374199029275,51.771279062930674,53.293741990292766,51.771279062930674
EPO_O_13_P2,14.0,20.0,0.0,22.0,10.2657618135037,10.947121800831987,27.84537843039426,27.62464011250073,13.265635926307748,12.166381632573732,27.307533047101913,25.12440821295056,0.0,0.0,0.0,0.0,52.90418048388168,51.517108715728455,52.90418048388168,51.517108715728455
EPO_O_13_P3,6.0,19.0,0.0,31.0,7.634092080077029,8.09532901567842,24.9719017887114,24.668667671680904,11.299127859384507,10.33004949374725,27.69365609903584,25.599784241135154,0.0,0.0,0.0,0.0,61.84174969509384,61.22769989039721,61.84174969509384,61.227699890397204
EPO_O_13_P4,19.0,12.0,0.0,19.0,13.410931612212659,14.429026999534203,37.46037490465291,37.228929772877564,6.9809962221497965,6.1678130546416545,18.7543408504821,16.97126531794996,0.0,0.0,0.0,0.0,59.069691336896256,57.145113563260175,59.069691336896256,57.145113563260175
EPO_O_13_P5,20.0,22.0,2.0,12.0,13.983936755486095,14.775851420730602,46.42346781579481,46.55085904688547,16.794047486501213,16.705783423874422,32.25765973319108,31.13040516381918,0.0,0.0,0.0,0.0,53.552883862393394,52.04238583870166,53.55288386239341,52.04238583870166
EPO_Y_10_P1,16.0,2.0,0.0,28.0,23.616597799989822,24.751550553511866,59.407030662704706,60.121520668169204,4.425547686656929,3.8169557402545684,10.797239537940783,9.426283271895963,0.0,0.0,0.0,0.0,54.53011157824673,53.71884898794536,54.53011157824673,53.71884898794536
EPO_Y_10_P2,14.0,4.0,0.0,30.0,20.348298285066114,21.175385921388635,53.26535020751234,53.933786606672626,6.1639512595859935,5.530328125357661,13.515189647409828,11.968452545394001,0.0,0.0,0.0,0.0,55.098508791915805,54.63400840575845,55.098508791915805,54.63400840575845
EPO_Y_10_P3,6.0,5.0,0.0,32.0,16.927357722714905,17.386894164294944,52.045207544999414,52.91681322534437,3.6792864332287936,3.07344275607991,10.5207483843898,9.074816738562818,0.0,0.0,0.0,0.0,62.29608362237378,62.721111243714844,62.29608362237378,62.721111243714844
EPO_Y_10_P4,8.0,1.0,0.0,33.0,16.904032273409296,17.022178927207868,56.10426864145346,56.84528362261744,3.4036227923415616,2.806122974824821,10.056981270411052,8.752705125627912,0.0,0.0,0.0,0.0,65.0321187239626,65.8242671358326,65.0321187239626,65.8242671358326
EPO_Y_10_P5,6.0,3.0,1.0,26.0,16.186532376960287,16.406817368967534,58.06276166407371,58.57286869639242,4.993474516612757,4.477164681455915,14.22836592261287,12.931227063359938,0.0,0.0,0.0,0.0,66.41655721720905,66.93404441689133,66.41655721720905,66.93404441689133
EPO_Y_15_P1,4.0,5.0,0.0,27.0,14.657547969740857,15.085934040001817,51.59384297150624,51.571995400342566,27.01405943182004,25.192304686207194,46.094004702873214,44.131451203279994,0.0,0.0,0.0,0.0,43.19241764707181,43.9660536750026,43.192417647071814,43.9660536750026
EPO_Y_15_P2,10.0,4.0,0.0,25.0,15.683636370491577,16.23202804268375,59.53370297858572,59.721381247213515,29.85549693143096,27.891675320654493,51.60501560812967,50.05779414228616,0.0,0.0,0.0,0.0,43.50934771713016,44.66871117864811,43.50934771713016,44.66871117864811
EPO_Y_15_P3,43.0,51.0,0.0,22.0,9.271067517777555,8.672639160756408,62.978836580679896,62.96624890120776,35.73762367016454,33.76979125683333,68.49427159226114,68.4361220208902,0.0,0.0,0.0,0.0,48.879313246072186,51.79307154029124,48.879313246072186,51.793071540291244
EPO_Y_15_P4,35.0,12.0,0.0,15.0,10.922370475612576,10.627404295936941,59.53833840146447,59.64424409228922,36.86903768642033,35.48933826788454,66.87344410512505,66.83924167559506,0.0,0.0,0.0,0.0,45.06482774595544,47.00120293644469,45.06482774595544,47.00120293644469
EPO_Y_15_P5,17.0,45.0,0.0,12.0,9.626622112361513,9.453390580664525,46.21227448805639,46.24495717010406,37.1672700137303,35.41277481559796,61.529724191231836,60.70867025082659,0.0,0.0,0.0,0.0,40.178434325094834,41.91378508493963,40.178434325094834,41.91378508493963
EPO_Y_36_P1,77.0,66.0,5.0,8.0,14.995257910484305,16.193292184720733,84.3776186842056,84.75511365425035,52.2217238298006,53.51617282384497,72.10486155980132,71.27297538674875,0.0,0.0,0.0,0.0,29.101191112629504,26.473263677322272,29.101191112629504,26.473263677322272
EPO_Y_36_P2,23.0,22.0,0.0,24.0,21.361398604947308,23.1623897634077,76.73001707104576,77.15743684037244,31.092584649249044,30.99563155916534,49.11216611875267,47.351815120360975,0.0,0.0,0.0,0.0,39.65876802885278,37.55812154309729,39.65876802885278,37.558121543097286
EPO_Y_36_P3,43.0,46.0,0.0,5.0,25.21606311756446,27.523465622140126,72.65001729324035,72.97398229818158,23.466016527049632,23.002681591122364,37.00390201554118,34.91420316644104,0.0,0.0,0.0,0.0,40.337304140273524,37.79887456057367,40.337304140273524,37.79887456057368
EPO_Y_36_P4,18.0,15.0,0.0,20.0,21.19428331298352,22.65670345523632,64.32434362100462,64.39080433918994,17.15214599919451,15.993314349424189,30.03631063677367,27.62660764901252,0.0,0.0,0.0,0.0,47.96172688162815,46.72152234503526,47.96172688162817,46.72152234503526
EPO_Y_36_P5,9.0,7.0,0.0,26.0,21.361770954349872,22.772605064734222,57.28844431384821,57.270548567963196,17.320548343881118,16.13050505350474,27.464627579499677,25.211343882759817,0.0,0.0,0.0,0.0,43.7554984343201,42.197471528838584,43.7554984343201,42.197471528838584
EPO_Y_37_P1,54.0,39.0,29.0,14.0,5.566078688606214,5.261207977934046,83.48298270931976,83.84279682573727,12.356978008753682,11.565910532487555,65.81266838655877,65.88191404835872,57.06879623983725,58.93013927396038,74.7983449313202,76.34734640342546,23.90297130729855,23.274044252045538,23.90297130729855,23.274044252045538
EPO_Y_37_P2,60.0,22.0,39.0,21.0,7.27663373842742,7.00596210712054,83.41830326101692,83.64637377643432,11.450195499096626,10.728656225450038,56.32808743002826,56.10587574155809,49.29969809608663,50.50629511658826,71.04196790177244,72.7026071816207,30.075243790195184,29.971378127402538,30.075243790195184,29.97137812740255
EPO_Y_37_P3,37.0,17.0,27.0,7.0,8.759307397083333,8.653643457406654,86.57208814243512,86.81608265547715,8.798625790680163,8.138083047306626,47.317370408526145,46.834501717369896,45.55946463559403,46.081325594694704,70.12284835722957,71.27463221501897,35.138487054415265,35.45220770512886,35.138487054415265,35.45220770512887
EPO_Y_37_P4,27.0,8.0,32.0,6.0,6.878809889920934,6.43018673076398,77.73338513595085,78.04063429722768,4.786012711477429,4.227551946663202,33.47485374774413,32.7636060947295,41.762965982488886,41.46687477627092,74.9703014372138,76.38006389481869,44.33764114191452,45.83836857249989,44.33764114191452,45.838368572499895
EPO_Y_37_P5,23.0,4.0,30.0,10.0,9.160834560169235,8.916140361515973,65.67464918871948,66.23222026675322,4.740093591615936,4.091644005454633,25.534658743993088,24.13886632067223,40.43761547614847,40.234012596080255,67.57303147522497,68.91324098638556,40.552522600240984,42.03426228233902,40.552522600240984,42.03426228233902
EPY_O_01_P1,3.0,4.0,0.0,30.0,6.39989493452998,6.3132425378645145,23.13188423962132,23.01014515370997,6.938247161821609,5.676146183499811,19.086477761355113,16.715525961701726,0.0,0.0,0.0,0.0,64.21028356764967,65.9158090589335,64.21028356764967,65.9158090589335
EPY_O_01_P2,3.0,4.0,0.0,22.0,6.50445127791173,6.414126606551,24.09367101761981,23.98156502260152,6.552621004891066,5.282443400989229,18.441266852452863,16.01839297210618,0.0,0.0,0.0,0.0,64.17183734971464,65.6358673157579,64.17183734971464,65.6358673157579
EPY_O_01_P3,4.0,4.0,0.0,36.0,7.7309919796550055,7.615582452584656,29.278756533233384,29.232623275128134,7.443657071080621,6.095019094601371,20.57986903532674,18.226674725450405,0.0,0.0,0.0,0.0,64.62557271136258,66.47248410741445,64.62557271136258,66.47248410741445
EPY_O_01_P4,8.0,5.0,0.0,25.0,5.48749507860926,5.171384358031933,22.942385142000916,22.848610785217986,6.198870858881051,4.821386133977305,19.264281376942307,16.906056501177005,0.0,0.0,0.0,0.0,68.38107882079713,71.1796932081526,68.38107882079713,71.1796932081526
EPY_O_01_P5,5.0,4.0,0.0,26.0,5.787031636242148,5.462664329028643,24.43951761353945,24.374465060920734,5.174911471060758,4.018318286930945,16.612378374061173,14.49874788639989,0.0,0.0,0.0,0.0,68.2461600395,70.55958053365842,68.24616003949998,70.55958053365842
EPY_O_07_P1,8.0,2.0,0.0,32.0,2.8794324146253527,3.0103979427422733,11.712012045076033,11.38121090746598,4.082999037247811,3.5330471580022964,13.016741903649468,11.08207329493306,0.0,0.0,0.0,0.0,69.32298456644833,67.71120186167194,69.32298456644833,67.71120186167195
EPY_O_07_P2,6.0,4.0,0.0,17.0,4.940313952717009,5.52806212673655,14.385099061995362,14.203236947990872,5.398139781725975,4.765749940461641,14.706447019458954,12.359111352940456,0.0,0.0,0.0,0.0,63.279712825731046,60.51691024667198,63.279712825731046,60.51691024667198
EPY_O_07_P3,4.0,3.0,0.0,18.0,4.886779102493968,5.2385116639785645,13.559245776928902,13.320932127914965,4.969535799673735,4.307016946973536,13.486347688874329,11.286505743913064,0.0,0.0,0.0,0.0,64.79713936595697,62.53592290767026,64.79713936595697,62.53592290767026
EPY_O_07_P4,3.0,2.0,0.0,15.0,2.873554952773394,3.0318811831865955,12.16906210084269,11.778489319045093,3.0925250724243947,2.6748860207249083,10.656600418303467,8.889799042444992,0.0,0.0,0.0,0.0,72.31913068044867,70.49491240685795,72.31913068044867,70.49491240685795
EPY_O_07_P5,4.0,2.0,0.0,17.0,4.23283955982948,4.57388961685767,14.74172860891837,14.505675917817154,3.2543863681750986,2.8666145550714885,10.470728732045258,8.81179037817618,0.0,0.0,0.0,0.0,71.4419988539229,69.65580655298311,71.44199885392288,69.65580655298311
EPY_O_09_P1,3.0,27.0,0.0,18.0,5.941215975765339,5.5959441495299185,19.909164717494633,19.690321945370577,14.630801728041712,12.521922422763613,29.80379205091166,27.67314441191987,0.0,0.0,0.0,0.0,55.083349454168086,58.436886164949065,55.083349454168086,58.436886164949065
EPY_O_09_P2,7.0,11.0,0.0,29.0,5.774098615135522,5.54886794130884,17.56117950772837,17.336007974396033,15.041592808156793,12.75661163092816,27.93265183780375,25.42860724361183,0.0,0.0,0.0,0.0,51.44126431286114,54.58157028046708,51.44126431286114,54.58157028046708
EPY_O_09_P3,10.0,12.0,0.0,19.0,3.3959981460966264,3.253271475269855,10.123914024458603,9.982987307590378,12.058389903723631,10.287826316770444,21.866620248242516,19.66031734547014,0.0,0.0,0.0,0.0,51.56892947156613,54.00713832839978,51.56892947156613,54.00713832839978
EPY_O_09_P4,11.0,10.0,2.0,15.0,4.340805510735305,4.322661587244028,11.182338123914018,11.075323649472837,12.66641474694258,10.53847828861601,21.920609268216477,19.25986168952802,0.0,0.0,0.0,0.0,46.197306727115,47.93168004748343,46.197306727115,47.93168004748343
EPY_O_09_P5,10.0,12.0,3.0,14.0,5.060516946768883,5.126365870498441,11.269058886665038,11.156959013850187,8.74883292980509,7.322090544066216,15.730505650270457,13.92607732973029,0.0,0.0,0.0,0.0,44.933595417615,45.13197610282542,44.933595417615,45.13197610282542
EPY_Y_03_P1,8.0,15.0,0.0,11.0,7.825355641276522,7.81790859183494,20.8235747577385,20.70288003306719,25.016053881183208,23.476140096052717,31.4087123274509,29.143983728528568,0.0,0.0,0.0,0.0,30.232261601011395,28.676280469507955,30.232261601011395,28.676280469507947
EPY_Y_03_P2,3.0,17.0,0.0,27.0,6.7230402248526735,6.814576801357199,14.429414063701351,14.301436947151794,21.472742393492855,19.78003146518965,27.73810285896779,25.33818596341792,0.0,0.0,0.0,0.0,27.89931697880875,26.96976778254985,27.89931697880875,26.969767782549848
EPY_Y_03_P3,3.0,3.0,0.0,26.0,10.567700791242986,10.600474237926347,20.6170793505176,20.470241852504294,24.396720138095663,22.59235677791535,29.765028707110158,27.470879232114793,0.0,0.0,0.0,0.0,24.45278530211131,23.948890877600174,24.45278530211131,23.948890877600174
EPY_Y_03_P4,2.0,3.0,0.0,29.0,7.37992256204837,7.385314442616053,22.09587120591044,22.07218610023017,22.67784123987576,21.839347590508563,29.055699914902096,27.450812067746426,0.0,0.0,0.0,0.0,34.436146850294435,32.747696406061415,34.436146850294435,32.747696406061415
EPY_Y_03_P5,5.0,3.0,0.0,30.0,10.874348845049887,10.81357694057,28.302339598834646,28.148738818750925,22.38177160395772,21.298053656432423,30.28908745710664,28.510000809791926,0.0,0.0,0.0,0.0,33.98278828712228,33.19761524115692,33.98278828712228,33.19761524115692
EPY_Y_04_P1,20.0,13.0,0.0,8.0,23.461329557948783,24.350227539714467,37.21010504149162,37.30976534901631,14.752039473553868,12.419551185653408,21.188148450551292,18.4084334835299,0.0,0.0,0.0,0.0,19.298486250942933,19.083696455386026,19.298486250942933,19.083696455386026
EPY_Y_04_P2,49.0,19.0,0.0,11.0,20.901522543598723,21.97466393339195,39.99944710312562,40.35989644955373,16.842430016465528,14.639038998925194,26.44065669811902,23.71528826444215,0.0,0.0,0.0,0.0,29.563145003879505,29.289517817150667,29.563145003879505,29.289517817150667
EPY_Y_04_P3,55.0,4.0,0.0,1.0,25.534338578138954,26.558659190453454,38.069000615588635,38.10990185434416,13.943909068340341,11.800967667040139,19.510672882189446,16.984053155835554,0.0,0.0,0.0,0.0,16.296423182500757,15.683150630231413,16.296423182500757,15.683150630231413
EPY_Y_04_P4,58.0,28.0,0.0,3.0,38.504493341985295,39.312827673680395,48.25033002646937,48.364084353892885,11.563108547679219,10.160693785256356,14.735769241462116,13.182769655370805,0.0,0.0,0.0,0.0,7.180577628239096,6.8507294272094486,7.180577628239096,6.8507294272094486
EPY_Y_04_P5,54.0,53.0,0.0,1.0,34.71528317960129,35.41263184677227,46.30377869216287,46.230683346314,15.686002210014088,13.981795372660496,18.82223067470958,16.945889245458538,0.0,0.0,0.0,0.0,6.719220375386651,6.311670453245305,6.719220375386651,6.311670453245305
EPY_Y_05_P1,16.0,30.0,0.0,18.0,3.92786141160338,3.8162607049298427,16.207700963925117,16.12564302022774,0.0,0.0,0.0,0.0,0.0,0.0,0.0,0.0,74.11982735421239,74.81968190456101,74.11982735421239,74.81968190456101
EPY_Y_05_P2,36.0,0.0,0.0,29.0,5.232279618909298,5.119138624364402,17.148876976068397,17.21932458726138,0.0,0.0,0.0,0.0,0.0,0.0,0.0,0.0,70.19798528231468,70.89271971194097,70.19798528231468,70.89271971194097
EPY_Y_05_P3,41.0,0.0,0.0,22.0,5.862810605797886,5.689666123197671,18.276704773028822,18.176041610587788,0.0,0.0,0.0,0.0,0.0,0.0,0.0,0.0,65.6103395056958,65.82944131271985,65.6103395056958,65.82944131271985
EPY_Y_05_P4,25.0,0.0,0.0,16.0,5.737107613676452,5.5694275918752565,16.074846506633612,16.044557253078263,0.0,0.0,0.0,0.0,0.0,0.0,0.0,0.0,65.60705399071615,66.54479897839522,65.60705399071615,66.54479897839522
EPY_Y_05_P5,52.0,0.0,0.0,12.0,9.748135245036984,9.352261646527648,20.22640313317042,19.824687254738173,0.0,0.0,0.0,0.0,0.0,0.0,0.0,0.0,48.04862848206709,47.71675666557853,48.04862848206709,47.71675666557853
NRM_31_P1,4.0,20.0,0.0,8.0,2.7252459291524778,2.396484155718961,24.233085286999763,24.29725279570782,12.265792156276712,10.873499256598276,46.60292785931504,46.390945136054114,47.3527521606533,48.23737859296461,68.19110129152182,71.07990340508846,28.705157365279522,30.69181213871174,28.705157365279515,30.69181213871174
NRM_31_P2,3.0,22.0,0.0,13.0,3.4459280777940346,3.097281507031566,29.275848905071022,29.338843102756396,3.9070498694401796,3.183381197772323,21.015140081240805,19.936429481278665,41.06192677573723,40.3577315150058,72.27805773565613,74.14710211184747,42.666899195513004,45.391818203519435,42.666899195513004,45.391818203519435
NRM_31_P3,7.0,17.0,0.0,15.0,3.257659635191524,2.9346521527172236,23.653897018575655,23.57007805761574,6.424126332785213,5.543117512495138,24.867702490031622,23.889374685923126,48.31345477401624,48.863364127532236,70.08926390697901,72.13997087726615,29.505142020449547,31.140447229530793,29.505142020449547,31.14044722953079
NRM_31_P4,2.0,32.0,0.0,10.0,3.0411610385674117,2.7252256480161616,21.37513630171348,21.361666903239822,4.073845161590986,3.3260778010236183,15.969995170425952,14.738611750775693,46.13708882309894,46.3127401034663,68.82156079106977,70.6552317956913,33.08947747627276,35.07032837163204,33.089477476272755,35.07032837163204
NRM_31_P5,1.0,27.0,0.0,8.0,4.028099326349602,3.8016499918802604,24.75875090614635,24.809648380801676,5.94031334897087,5.0774283205636435,22.21191950441902,20.71732275153586,39.39000177973251,39.3231846630193,60.471263062498046,61.66467870707565,36.5732873601695,38.37125448228475,36.5732873601695,38.37125448228475
NRM_O_15_P1,39.0,35.0,12.0,27.0,10.22844318555969,10.073035248476433,65.84579545008776,65.95378933632428,5.737181382485338,5.169110877083299,27.258920117471003,26.563675297507572,43.26209344528817,42.26089184463682,67.75208567456241,68.11478108527915,36.416005960895745,38.432193257197156,36.416005960895745,38.432193257197156
NRM_O_15_P2,48.0,56.0,17.0,6.0,12.34264296786525,12.508095165448847,72.24833656070358,72.17224492699415,7.656752091243805,7.262011338876594,31.456134396476447,30.69579025579173,42.17497378346729,40.916689477878876,62.564075379799235,62.113488534642784,33.2450444555768,34.78634903456971,33.2450444555768,34.78634903456971
NRM_O_15_P3,57.0,43.0,24.0,25.0,7.5388349256479605,7.515968928801432,57.48068757423932,57.40169348800492,3.849920409587066,3.473119308429689,22.143272068705365,21.345090605357974,43.07028229458882,41.87356375267747,74.0352354694637,74.50836894281055,41.24409767588871,43.117379491020344,41.24409767588871,43.117379491020344
NRM_O_15_P4,42.0,27.0,25.0,20.0,9.932572758164007,10.114519672957856,62.75666363817837,62.81613986776659,4.03836775375686,3.636078657491083,22.37102173874716,21.629690506478575,40.267273003158124,38.40154165099774,68.1528254008306,67.91426065696123,40.984569417499,43.258441479687946,40.984569417499,43.258441479687946
NRM_O_15_P5,53.0,41.0,50.0,0.0,6.3086115556180795,5.729250285413212,61.83308699719067,61.93820249382538,4.120958260235632,3.524331820672972,28.315685965940744,27.781325593516303,59.00144048585708,58.8170599242993,81.21401857448268,82.74927577981929,27.332700404887472,29.157386865429114,27.332700404887472,29.157386865429114
NRM_O_19_P1,17.0,34.0,0.0,23.0,2.930717462844747,2.675060242713196,26.469873816437207,26.565056800459903,8.822999031442343,7.717593261219488,38.23382752374136,37.17755587018775,40.06037259388036,40.02403047688517,67.53705182907338,69.71881096830256,39.31332995733627,41.390148846333034,39.31332995733627,41.39014884633302
NRM_O_19_P2,5.0,8.0,24.0,21.0,2.4213043715439104,2.160265078949163,24.76670208119824,24.697908220660896,10.022749702807264,9.050555924954688,40.86374130269965,40.015610792748504,32.553362041899845,31.10216143261463,62.17433617127382,63.51059022626296,45.77672595697723,49.06302723682911,45.77672595697723,49.06302723682911
NRM_O_19_P3,5.0,7.0,45.0,20.0,2.074911027383812,1.7715825214489591,31.01190421595791,30.953191519353933,7.263761493641444,6.286656600626593,40.85442146591223,40.085862610972704,32.539092617588125,30.940180528403854,68.10194239194477,69.33433022981106,51.303888389738994,54.71554606862815,51.303888389738994,54.71554606862815
NRM_O_19_P4,4.0,3.0,15.0,12.0,2.07398637371847,1.9187594108453936,25.551773782655086,25.537400432623407,12.392230939010869,11.641544851182726,53.28071755288279,52.91674529885009,26.157722842360375,25.13071615828913,54.17520314595245,54.674550503127136,51.30003502307996,53.464868587237014,51.30003502307996,53.464868587237014
NRM_O_19_P5,6.0,13.0,11.0,18.0,2.546984290837533,2.4110588788289657,26.911343606794315,27.06308060677527,13.128801024795555,12.268328314300621,51.95724958341141,51.64273260592147,21.45840544451181,19.989131788339627,45.4311470781344,45.24886203966837,53.46330189042402,56.11967676743325,53.46330189042402,56.11967676743325
NRM_Y_39_P1,57.0,51.0,0.0,22.0,9.769645467337401,9.372995051356543,62.509266654908835,62.809023979955946,45.60362318990104,44.576751408879716,74.92011403151027,75.53524437778475,0.0,0.0,0.0,0.0,39.19572756907561,41.10370645872943,39.19572756907561,41.10370645872943
NRM_Y_39_P2,59.0,38.0,0.0,18.0,10.937444987364044,10.532926980974546,67.79474262300789,68.06068992358408,46.74333344619434,45.684735812802955,73.05408429675023,73.43590506322522,0.0,0.0,0.0,0.0,37.15486609017879,39.083773441066874,37.15486609017879,39.083773441066874
NRM_Y_39_P3,62.0,54.0,0.0,28.0,7.516438147347341,6.501417329087741,70.76242805931213,70.93999528985671,49.86595708764606,48.71293168037709,80.75947531911449,81.83550533591422,0.0,0.0,0.0,0.0,39.57627567513689,42.32283206243828,39.57627567513689,42.32283206243829
NRM_Y_39_P4,59.0,35.0,0.0,19.0,10.79051622728158,9.923585172667199,79.630746514881,79.92466312283237,62.48505418502911,62.53296901872729,81.52215314427902,82.48475880731012,0.0,0.0,0.0,0.0,24.37028086069602,25.631702616651424,24.37028086069602,25.631702616651424
NRM_Y_39_P5,29.0,24.0,0.0,35.0,10.343753635067364,9.252463253900691,77.11373202038597,77.52395333380355,75.23518711454979,76.45570747140418,85.09157668434442,86.72412268138889,0.0,0.0,0.0,0.0,11.664151967935142,12.142599268637309,11.664151967935142,12.142599268637309
NRM_Y_41_P1,2.0,4.0,46.0,10.0,2.6807543702208863,2.2217160016324384,27.31142959003475,27.501830641132337,2.752158797008028,2.14713606403223,17.633961498001845,16.74896831821903,47.61718683501296,47.70660215567896,78.40784895163257,81.12168522213385,39.68594577218458,42.00273450292751,39.68594577218458,42.00273450292751
NRM_Y_41_P2,6.0,8.0,24.0,9.0,2.7909412538987004,2.354043459414892,28.880723474221003,28.858172067042343,4.703858064700542,3.853597735167252,27.42549317489949,26.664627802218995,46.74977924283042,46.97983927490181,75.96135527528712,78.63310969921285,38.723352571792304,40.947955037850846,38.72335257179232,40.947955037850846
NRM_Y_41_P3,3.0,4.0,41.0,28.0,2.4812407804631493,2.0843244690069307,23.84534287272807,23.973873646085263,3.254167130473324,2.618422360917461,19.840108993295004,19.220666474423645,50.20518903778177,50.543846433975546,78.91808501714934,81.61769555986383,36.59515619694528,38.662959287247055,36.59515619694528,38.662959287247055
NRM_Y_41_P4,10.0,4.0,12.0,10.0,3.575454545802385,3.226947378763666,29.13939174095984,29.311896565016283,5.357745306513335,4.610185403271888,23.681159046017736,22.910036442895432,47.47627350394848,46.856501904758716,74.18560021437708,76.15910674652173,35.45364881969775,38.329182841183155,35.453648819697754,38.329182841183155
NRM_Y_41_P5,2.0,12.0,32.0,7.0,1.9774090114346454,1.600895150144042,26.934478969265253,27.033032118453644,2.6025227658819494,1.9923059964330248,20.667199059594697,20.203269298078183,53.82423925435491,53.52898191652594,83.23912926700213,85.45564123123611,35.119167016147514,37.51150878698933,35.119167016147514,37.51150878698933
NRM_Y_69_P1,29.0,33.0,27.0,12.0,4.794684710507086,4.216559443905603,47.1852659647257,47.23783709245283,11.651531546580452,9.93523383931434,53.61273204525009,53.40560808711058,42.50329729885773,42.22898088154549,67.0409554008301,70.12265930813861,35.893053764549485,39.25475331876569,35.893053764549485,39.25475331876569
NRM_Y_69_P2,11.0,11.0,37.0,18.0,4.4222218149224926,3.6955012338505586,49.35581826057579,49.408491811203845,7.460405852050371,5.941967264849649,43.6762354351378,42.62541469793785,39.925057828846086,38.79527842214131,70.36445989117277,73.44434652875532,43.406927553309416,47.56271821910634,43.406927553309416,47.56271821910634
NRM_Y_69_P3,21.0,16.0,22.0,21.0,3.91599285707845,3.3025386740800555,43.17421718671516,43.267324078047906,6.077554170945582,4.74583356181072,38.26493286481218,36.86565513191597,40.50122927865015,39.78360589440623,71.82103184708969,74.96568517007019,43.75417722856838,47.27667312031091,43.75417722856838,47.27667312031091
NRM_Y_69_P4,10.0,9.0,25.0,23.0,6.488426716173018,5.726733893543309,54.055886752302165,54.14171706335708,7.129064994872306,5.790676321246193,35.801855166464335,34.11954021985993,41.22310769821851,40.98798512226351,67.88837300220072,70.8621685472728,39.2950560704579,42.324507472487184,39.2950560704579,42.324507472487184
NRM_Y_69_P5,11.0,9.0,30.0,24.0,3.872921117964881,3.2626556146820445,37.48667977932232,37.532789813090396,4.853330033151635,3.6958910676968215,30.867474586621107,29.021092100510167,38.928125974572424,38.17774622494644,70.6738753863349,73.72096148974718,45.34566938293079,48.84841981111034,45.34566938293077,48.84841981111034
NRO_138_P1,23.0,6.0,7.0,17.0,6.167172772038402,6.065234123183872,36.06817249110097,35.960836220782575,4.873251081456184,4.302016777031679,20.169787473830063,18.96801666740748,36.624964994099095,36.36732927057826,60.066631171984376,60.58421161706361,41.47060964759696,42.674896032644405,41.47060964759696,42.674896032644405
NRO_138_P2,5.0,5.0,19.0,7.0,4.254083380996891,4.098514246255354,31.020941788113365,30.925447196604882,3.9820577637608023,3.506883548341895,18.302911163681568,17.25470543187507,42.83740548106685,42.85626590170221,71.20761126575084,72.64882994584849,39.90705564005525,41.22441467725811,39.90705564005525,41.22441467725811
NRO_138_P3,14.0,3.0,32.0,21.0,3.5770148549551397,3.3030397881118874,24.17242997182877,24.13196255603715,3.016498135975271,2.4706412083507296,15.06647214984066,13.878449225796475,48.01486212196195,48.86757123989238,71.13453970100542,73.04804594811155,33.6175971438713,34.47294478260542,33.6175971438713,34.47294478260542
NRO_138_P4,4.0,8.0,37.0,16.0,4.010318947556918,3.51242035754289,28.80574850424271,28.763733084360304,3.473124498757442,2.7637761176405595,16.752682033456566,15.52480100554137,52.91138372778691,54.198197987399645,73.4355900807245,75.93278786663198,29.013983156754957,30.176912556562375,29.013983156754957,30.176912556562375
NRO_138_P5,5.0,4.0,53.0,14.0,5.2276981925194885,5.056637423120848,31.204369072039697,31.29819554436091,5.093490930448246,4.42299778076681,21.41173758759376,20.023548703667103,49.618429940631145,50.6547027255365,69.89116117353349,71.69849035755396,29.462088004529065,30.01237396204633,29.462088004529065,30.01237396204633
NRO_174_P1,20.0,37.0,3.0,20.0,4.8304393132968695,4.249520635994262,49.547060150502695,49.74184141736008,4.007686332986357,3.3966751039291143,25.639970007527772,25.06089259966765,38.82858505424185,37.572561948333764,74.41861199146938,75.90943700249392,47.302786497025004,50.451102148013696,47.302786497025004,50.451102148013696
NRO_174_P2,16.0,25.0,19.0,24.0,4.187332844572033,3.620485150897275,51.43071328288765,51.68183420718929,5.681001713452133,4.882165761242958,37.43835704257763,37.12632360837562,39.20110854542425,37.766872371608095,73.70519119083922,75.25901736567542,46.95974172563852,50.40559862282193,46.95974172563852,50.40559862282193
NRO_174_P3,18.0,31.0,19.0,30.0,2.6605401486580096,2.1584758557243697,48.700021636646426,48.7317954500277,4.9573487667919025,4.069748276235702,43.98059991210307,43.84391679127164,45.583202975722386,44.99701279168468,80.11102553269805,82.17106315074845,43.8573473710226,46.39254534698124,43.8573473710226,46.39254534698124
NRO_174_P4,22.0,17.0,21.0,27.0,3.8114895016299597,3.344743800042578,47.578119779418564,47.704764462241805,7.470596872135668,6.361742427292034,45.150024195723084,44.77006644607071,45.477137578601656,46.035626292742094,74.14911885715169,76.73642728400233,38.96372401367583,40.59318442548759,38.96372401367583,40.59318442548759
NRO_174_P5,16.0,7.0,52.0,19.0,2.3995773217835232,1.9464794348426258,41.23177612181257,41.33466066404121,4.710458375582228,3.7575916642148552,41.133912575907644,40.753518170585004,43.519011086345856,42.3851772788512,80.05564558466082,82.45081691957024,45.595651941792255,48.82650472919758,45.595651941792255,48.82650472919758
NRO_190_P1,9.0,19.0,51.0,14.0,1.7049272631344845,1.3937798607921654,35.36105573096593,35.472628036213585,2.3864077189128996,1.9041570372532783,29.113400622813867,28.5105833281856,56.10356744928146,56.25614290825158,88.37267915962772,90.11910473053572,36.78650412489906,38.05808035742872,36.78650412489906,38.05808035742872
NRO_190_P2,17.0,5.0,52.0,19.0,2.3048533558723774,2.0914449789837155,38.11878908490684,38.3496708959856,2.7494952624829447,2.2216669345790723,30.24234865460044,29.717388630886916,52.282404151291914,52.314541910292135,84.84784252002449,86.34840867278454,39.525348099403914,40.78835597553454,39.525348099403914,40.78835597553455
NRO_190_P3,5.0,9.0,27.0,12.0,1.6349675357477316,1.5338467131939668,34.50218170312367,34.58382348340237,2.6495345094661933,2.261801979892169,35.44015294310833,34.83531921034998,45.544291568488994,45.2605893596724,84.12311410798786,85.02560544470272,47.462234161418394,48.573783197858546,47.462234161418394,48.57378319785855
NRO_190_P4,3.0,23.0,33.0,13.0,1.5777511510886546,1.3726042989548226,35.71347681285478,35.93199534999828,3.3861798488683745,2.8460373326313135,38.11406685218077,37.520647671999754,51.06764244447761,50.74611701610885,84.95936563634069,86.12774037397705,41.04740760080677,42.52604291893771,41.04740760080677,42.526042918937726
NRO_190_P5,8.0,5.0,38.0,19.0,1.7912546268842022,1.6042432135392644,35.28712441333873,35.38430716463461,3.9749460656043567,3.5104399915512,38.25796533359466,37.71495158596804,40.907388424029506,40.14460752692335,79.60614447018635,80.63804122490711,49.93710812249941,51.77475142627295,49.93710812249941,51.77475142627295
NRO_52_P1,25.0,49.0,27.0,24.0,3.0494144271609582,2.9099439566023673,39.78883366093117,39.95469274893955,41.471889426067236,42.83976802065228,86.78611144737792,87.82938778344774,20.716874769784212,20.214794517140007,30.25412170238222,29.77842478415859,31.011333230450905,30.76336479430768,31.011333230450905,30.76336479430768
NRO_52_P2,15.0,40.0,3.0,1.0,4.330215980504989,4.168466108568993,43.117981857597776,43.17952412980704,38.365106189549785,39.41287916431489,82.56541065832272,83.62390156814811,19.04325289381111,18.167104327358047,30.89952412513899,30.408588421746995,34.093854714011854,34.60166555883781,34.093854714011854,34.60166555883781
NRO_52_P3,17.0,48.0,8.0,21.0,2.667091145189467,2.4944446095574566,36.072856084388185,36.14187004612816,31.832203340708116,32.05774900896076,82.89549616343052,83.89824179591423,20.534656961738232,19.93012475385963,37.92770232572661,37.94973943111205,40.99598823209326,42.15544469402704,40.99598823209326,42.15544469402704
NRO_52_P4,50.0,8.0,9.0,7.0,6.810305927840983,6.707334321312124,52.38002939960098,52.51262360958682,33.17739754375001,33.738446415657705,73.78669456254018,74.44234235484818,14.12787365255339,13.93400085181058,23.41847936215006,23.37377248783917,41.17566968458938,41.33814017292065,41.17566968458938,41.33814017292065
NRO_52_P5,28.0,15.0,4.0,20.0,8.219805757813644,8.213854563222815,52.66923952273923,52.72057969616751,26.09470611768686,25.922385520198993,63.59410279530442,63.61739167307715,13.3939063058518,12.613511698745473,25.80666859401261,25.597001002607524,45.865094399502944,47.05016515753391,45.865094399502944,47.050165157533904
NRO_O_56_P1,27.0,55.0,3.0,17.0,2.744413964292288,2.5367487875813532,35.91524023267576,35.91325047953914,27.369947145345318,27.739974811669526,78.18410716241333,79.2477833245432,23.66744707165876,22.556947056783265,39.18221560946428,38.3883447735759,41.97595547292738,43.36904281554846,41.975955472927375,43.36904281554846
NRO_O_56_P2,19.0,26.0,5.0,39.0,2.573380413197565,2.3449038879268946,36.593567239484045,36.556801783474064,21.69542615650451,21.36241025398499,70.48105780040164,71.07081665012296,29.07350912362473,28.611229826757985,46.71245183185078,47.08996979250577,42.52640150784436,43.99581141872758,42.52640150784436,43.99581141872759
NRO_O_56_P3,14.0,21.0,18.0,24.0,2.7589445100968835,2.5288909796989363,40.583310687316974,41.0028713940468,14.819224896512265,13.69117753009812,64.2470756368305,64.39776133669548,30.730934473325945,29.32502531099018,55.45845023139327,56.142616314440005,47.909837515648704,51.204539151179226,47.909837515648704,51.204539151179226
NRO_O_56_P5,6.0,8.0,10.0,14.0,2.8333693015785295,2.5350956539974177,35.044016431250995,35.182697239222655,4.614263889657757,3.9316957570437463,31.548741343860577,31.119593913637377,52.39195608067949,50.60661989790641,79.49061616701727,80.49834041883366,35.04777868396059,38.47328296542646,35.04777868396059,38.47328296542647
NRO_Y_82_P1,11.0,38.0,6.0,5.0,5.541032197646938,5.4538335400005415,39.02632551141168,39.139141715077635,10.871936865250442,9.831067007441868,45.32277097753868,44.70677748991265,37.32906453019516,35.93019681557484,63.2757759294974,64.24780503987925,38.2560323380451,41.003214293370654,38.2560323380451,41.003214293370654
NRO_Y_82_P2,21.0,10.0,11.0,18.0,3.9140776916528126,3.680317597823236,37.56961262599199,37.71911525061564,8.03947409452285,7.027586686159676,44.67660886318924,44.0412703604682,39.02958412931043,37.150556650325356,68.09553143297134,69.23794045460207,43.05213655394224,46.780010800844586,43.05213655394225,46.780010800844586
NRO_Y_82_P3,13.0,9.0,48.0,25.0,6.419449158016853,6.348694393409432,52.79915362213329,52.93562643101669,9.80775509392126,9.276663780672697,43.53710363610091,43.01211776213425,25.605638317577856,23.517850177768864,53.691567421569694,53.53419692901964,52.378274583589416,55.26533179875256,52.378274583589416,55.26533179875256
NRO_Y_82_P4,23.0,28.0,9.0,29.0,4.3976603915406915,4.229651502510776,49.87958332211128,49.93288962480226,8.59926689938529,7.776878563468504,48.56711738347147,48.10233891784973,32.745544565845236,30.339172516524048,65.87982930013868,66.45652643717229,49.83310149378137,53.42010029927147,49.83310149378137,53.420100299271475
NRO_Y_82_P5,11.0,21.0,8.0,20.0,4.142557915045955,3.933919856068214,43.1742194347106,43.52916821023665,6.817301934168506,5.907085677585856,44.50838894535198,44.079486144474096,33.62398114017436,31.44261296768558,68.79466539955929,69.70859552576269,50.671000976374046,54.39082503158693,50.671000976374046,54.39082503158693
NRY_O_14_P1,43.0,33.0,0.0,21.0,25.73889687272096,26.62853745306142,71.60239974513934,71.94210087987342,26.33432424672203,25.203745691441938,44.20286946220244,42.57899050745759,34.44252532717762,34.45322725048484,34.44404112226322,34.4545651179694,0.0037431903017071037,0.003272299983641503,0.0037431903017071037,0.0032722999836415027
NRY_O_14_P2,27.0,20.0,0.0,25.0,18.453589994869603,19.100236631265016,68.11685399250082,68.64179247128294,32.97690443519345,32.44811639817338,53.99901892840045,53.05849823306017,38.706880432094096,38.51644068631919,38.706880432094096,38.51644068631919,0.0,0.0,0.0,0.0
NRY_O_14_P3,35.0,23.0,0.0,21.0,19.04998856156505,20.02305976008364,63.68084760420224,64.29661102214155,30.62545223604223,30.32271860060011,48.88944041232606,47.74249829490084,38.736941784543774,37.974266328762376,38.736941784543774,37.974266328762376,0.0,0.0,0.0,0.0
NRY_O_14_P4,27.0,19.0,0.0,18.0,16.84996493746207,17.537789183052855,70.1639533286848,71.16675681810494,38.207483953718494,38.6304628519904,60.60529549425201,60.298936601785456,36.87621312588991,35.90361184623411,36.88225309105721,35.90853915866965,0.00919827478133006,0.007795151598739735,0.00919827478133006,0.007795151598739735
NRY_O_14_P5,32.0,21.0,6.0,0.0,17.22381668966687,18.085592453644423,70.73129228088845,71.72902451682045,40.03444092545543,40.42107495932062,61.811355403499746,61.52366307323898,34.00052234435356,32.94912523316872,34.57348791124279,33.52684498609494,1.2414883932796577,1.2193599484839974,1.2414883932796577,1.2193599484839974
NRY_O_20_P1,27.0,47.0,0.0,5.0,10.155099840124388,9.803811571598944,34.79370038491039,34.919966168013495,60.169552559427274,60.743485375602106,67.17736542462657,68.33846552511667,0.0,0.0,0.0,0.0,9.650949254340418,10.297226567847938,9.650949254340418,10.297226567847938
NRY_O_20_P2,24.0,26.0,0.0,24.0,8.36536070238633,8.034404631973816,32.67202667632353,33.00231605811931,57.84308779128256,57.93478433940997,69.78079413332351,70.86456932252227,0.0,0.0,0.0,0.0,16.3980923046122,17.60074429016259,16.3980923046122,17.60074429016259
NRY_O_20_P3,11.0,24.0,0.0,24.0,11.305291805851505,11.294970474516896,39.30076516721868,39.48492952459237,50.07421457228743,48.91937822555477,63.99317936487346,63.784770092449975,0.0,0.0,0.0,0.0,20.18807906462718,21.434921890704317,20.18807906462718,21.434921890704317
NRY_O_20_P4,16.0,31.0,0.0,10.0,7.973730599063157,7.621444760342197,32.12196082751526,32.157172139239414,50.95678171320396,50.55066815699399,67.5775537890244,68.32242788707009,0.0,0.0,0.0,0.0,24.142738699697055,25.513494551655086,24.14273869969705,25.513494551655086
NRY_O_20_P5,14.0,38.0,0.0,8.0,9.306742732094987,9.300379396918725,34.93854926572055,35.399393626807296,48.91491202809376,48.403896900156866,66.67981885576091,67.20265044812692,0.0,0.0,0.0,0.0,25.519253210035558,26.82729216892168,25.519253210035558,26.82729216892168
NRY_O_25_P1,8.0,5.0,0.0,35.0,2.1348502723603087,1.761662141195049,23.336994819327497,23.327962139020652,49.530600617721795,46.7564559200062,79.76852194462721,80.5501815427098,0.0,0.0,0.0,0.0,39.26589095304909,43.57814285116454,39.26589095304909,43.57814285116454
NRY_O_25_P2,16.0,47.0,0.0,19.0,2.665712079329894,2.2917043110296116,26.802435642228577,26.72296540683126,61.05154249416746,58.875160056991504,83.39657386020068,84.44014957894474,0.0,0.0,0.0,0.0,27.27587139585274,30.90152519147139,27.27587139585274,30.901525191471396
NRY_O_25_P3,15.0,38.0,0.0,22.0,1.6665187176252563,1.358722559976366,19.764116028721453,19.806756512824485,62.18258219498062,60.114165743502,83.8714184440726,84.74748425818342,0.0,0.0,0.0,0.0,28.317434819356833,31.89548487306609,28.317434819356833,31.89548487306609
NRY_O_25_P4,26.0,41.0,0.0,7.0,6.5267800654626384,6.7130944903599845,38.108054956095344,38.846552930279444,78.94612066692335,78.33620323148386,86.71985046910436,87.1858866761881,0.0,0.0,0.0,0.0,8.547517948220626,9.629908448851006,8.547517948220626,9.629908448851006
NRY_O_25_P5,23.0,13.0,0.0,23.0,5.668823065245779,5.409881979653243,38.749064543390695,39.021550965624016,70.08641358179035,69.40308609915526,83.01653197042988,83.81427801660399,0.0,0.0,0.0,0.0,15.282750062977682,16.92659084804847,15.282750062977682,16.926590848048473
NRY_Y_03_P4,5.0,20.0,0.0,8.0,20.287154162195144,19.88492331441191,58.640604474356536,59.54302493160212,51.706076767937205,51.967469622113214,61.404607979855776,62.39768546354054,0.0,0.0,0.0,0.0,14.38791103639202,15.34568183304193,14.38791103639202,15.34568183304193
NRY_Y_03_P5,7.0,53.0,0.0,4.0,18.587971668351127,18.21087170086133,51.712777950439914,52.003552465517636,36.049145073921466,34.79980470928623,50.89082122507934,50.37194494032987,0.0,0.0,0.0,0.0,28.1594322245934,30.20435064682956,28.1594322245934,30.20435064682956
NRY_Y_12_P1,21.0,36.0,0.0,20.0,30.060051875574906,31.75437364768248,53.29296337402516,53.750145629180004,36.164462090542386,34.06084038992562,40.648865621732035,38.146018664401154,0.0,0.0,0.0,0.0,10.345330506189867,9.836910327530045,10.345330506189867,9.836910327530045
NRY_Y_12_P2,20.0,22.0,0.0,22.0,29.520412840366227,31.44926339980384,49.61600635099476,49.899391594278114,28.656893282399842,26.007448446735033,32.908781426297104,29.627357079137916,0.0,0.0,0.0,0.0,13.803260634110465,12.992216232227745,13.803260634110465,12.992216232227745
NRY_Y_12_P3,16.0,17.0,0.0,8.0,22.81982346475198,24.18385365659685,43.83641660411339,44.409238157897235,34.842030088996516,33.391216099480914,40.91319047704237,38.8772745124382,0.0,0.0,0.0,0.0,13.748904816337285,12.857149451520117,13.748904816337287,12.857149451520117
NRY_Y_12_P4,9.0,17.0,0.0,12.0,24.775859403159682,26.375827454104456,53.07544665105522,53.71013356751413,37.991349728833406,36.66644857677285,44.98429859994977,42.92740352367957,0.0,0.0,0.0,0.0,16.093077200920327,15.09582609724936,16.093077200920327,15.09582609724936
NRY_Y_12_P5,17.0,14.0,0.0,24.0,27.5480597431293,29.508387468974966,53.261761198558666,53.59994005187482,25.687242233769208,23.69498942238909,32.729479866766134,29.789346252802524,0.0,0.0,0.0,0.0,22.8620322845182,21.50108029301621,22.8620322845182,21.50108029301621
NRY_Y_15_P1,28.0,34.0,0.0,5.0,48.0762071673678,49.4528830090976,61.919770974600496,62.23574861098838,0.0,0.0,0.0,0.0,0.0,0.0,0.0,0.0,20.721355384641242,18.68042043000722,20.721355384641242,18.680420430007224
NRY_Y_15_P2,38.0,35.0,0.0,11.0,37.81024087430244,39.16013097320249,60.27138263012698,61.24873661183802,0.0,0.0,0.0,0.0,0.0,0.0,0.0,0.0,34.73606652384847,33.242038159834095,34.73606652384847,33.242038159834095
NRY_Y_15_P3,39.0,0.0,0.0,30.0,39.23059328542266,40.716481947984946,57.65130687539958,58.37328824555292,0.0,0.0,0.0,0.0,0.0,0.0,0.0,0.0,29.218098503140368,27.110223177273458,29.218098503140368,27.110223177273458
NRY_Y_15_P4,49.0,0.0,0.0,21.0,36.2455534957366,37.58197221458733,55.49920167672969,56.747454005898604,0.0,0.0,0.0,0.0,0.0,0.0,0.0,0.0,34.7559305914825,33.35627097883498,34.7559305914825,33.35627097883498
NRY_Y_15_P5,28.0,0.0,0.0,23.0,44.81145387688574,46.22316822190211,59.454022228925126,60.11468340724252,0.0,0.0,0.0,0.0,0.0,0.0,0.0,0.0,22.841195279142177,21.09596488768029,22.841195279142177,21.09596488768029
PPO_O_05_P1,5.0,4.0,0.0,24.0,3.998055489307565,3.5613599269421323,24.222132665609468,24.17741861882006,4.116252848459548,3.1152229959601714,20.873863054984692,19.294492355237733,0.0,0.0,0.0,0.0,79.42805181006143,82.41039027882373,79.42805181006143,82.41039027882373
PPO_O_05_P2,4.0,6.0,0.0,38.0,3.619859893285525,3.3767821486425285,19.709299511785467,19.76065599266575,3.7256363912219372,2.745811967119374,18.818084242280946,17.228253062967134,0.0,0.0,0.0,0.0,78.72176018898891,81.34107046367731,78.72176018898891,81.34107046367734
PPO_O_05_P3,4.0,14.0,0.0,29.0,5.986711909748883,5.9054683503767045,28.82763068106888,28.75479677565193,3.6978088848073583,2.975885605377647,16.243491329602282,14.639236507147906,0.0,0.0,0.0,0.0,76.08397367869803,77.47164317787592,76.08397367869803,77.47164317787592
PPO_O_05_P4,9.0,8.0,0.0,18.0,10.841697353787197,11.231702570746085,38.93415008242095,39.26515717294214,7.750590983782215,6.934748583839492,23.924592855746514,22.26443106719299,0.0,0.0,0.0,0.0,69.38455326320754,70.20492138247515,69.38455326320754,70.20492138247516
PPO_O_05_P5,10.0,6.0,11.0,29.0,3.604346694596329,3.4163112454865265,24.379464302972885,24.225885714447877,3.2218139556186456,2.410631293281363,20.419231289564078,18.75138783185153,0.0,0.0,0.0,0.0,82.65302139815373,84.18758554788562,82.65302139815373,84.18758554788562
PPO_O_09_P1,20.0,18.0,62.0,25.0,7.1276455335106235,7.621565720326637,31.190903203769853,31.462415118729393,2.3899912241625336,1.9896927140541083,9.745771876112814,8.57331107067482,4.442540127662483,4.02985945420492,11.804647678632886,10.355405989582643,71.74802013679061,71.26737795938438,71.74802013679061,71.26737795938438
PPO_O_09_P2,9.0,6.0,8.0,35.0,7.607010231039364,7.899392468632784,34.71396594660055,35.046094285000265,1.7766065416314658,1.371504834723932,9.05866166501719,7.624159380411279,0.0,0.0,0.0,0.0,79.11923186243979,79.45096415699562,79.11923186243979,79.45096415699562
PPO_O_09_P3,4.0,3.0,8.0,49.0,3.9358025259505416,3.7701692024402678,24.530079809236064,24.458585298203417,1.2042006163284087,0.890827951485221,8.443159371282851,7.146064641767386,0.0,0.0,0.0,0.0,83.14927483274445,84.28333761746737,83.14927483274445,84.28333761746738
PPO_O_09_P4,15.0,2.0,0.0,55.0,4.541218450495276,4.4412933168574735,26.17663073669272,26.301450590219595,1.2781849907463623,0.9586975009417573,7.733688582157576,6.43796793393015,0.0,0.0,0.0,0.0,81.4393873582455,82.44763021769566,81.4393873582455,82.44763021769566
PPO_O_09_P5,3.0,7.0,0.0,47.0,4.043952791645874,3.9725172907382507,23.308347334354316,23.50213158190234,1.7097274957584452,1.2968734029206077,9.42153623639359,8.092657770688634,0.0,0.0,0.0,0.0,81.96751182336934,83.125263917418,81.96751182336935,83.125263917418
PPO_Y_07_P1,1.0,18.0,0.0,35.0,1.742345131127628,1.4165499941702286,25.061298448433984,25.02905970527816,0.9205900010022975,0.6290023284564247,10.22198496950727,9.569414063124064,0.0,0.0,0.0,0.0,91.36960052254625,92.78750918021541,91.36960052254625,92.78750918021541
PPO_Y_07_P2,3.0,26.0,0.0,58.0,1.7790680457211554,1.4789197712665827,24.664468465032197,24.387981609050556,0.9839020122199634,0.6691390610322853,11.549118092469213,10.853970279741631,0.0,0.0,0.0,0.0,90.94463470735627,92.56838941531254,90.94463470735627,92.56838941531254
PPO_Y_07_P3,1.0,17.0,0.0,18.0,1.6433491724026736,1.3554808889569412,23.670692618443447,23.640353460863363,1.255228875202385,0.8919062980068507,14.293954415101831,13.513415243391048,0.0,0.0,0.0,0.0,90.85289332452065,92.50906932443534,90.85289332452065,92.50906932443534
PPO_Y_07_P4,1.0,10.0,0.0,40.0,2.034408486925026,1.7541601728195018,26.438678344549515,26.36084100653015,1.4509670280152784,1.0540075784810483,14.81150835285003,13.924470945480497,0.0,0.0,0.0,0.0,89.44271966674452,90.729984177709,89.44271966674452,90.729984177709
PPO_Y_07_P5,3.0,14.0,0.0,56.0,1.5674765009039453,1.2339701877866391,22.118302058441653,22.00288896581414,1.015442146639889,0.6718303616604905,11.535618977454053,10.603417011074363,0.0,0.0,0.0,0.0,90.46400776598414,92.1550153411922,90.46400776598414,92.1550153411922
PPO_Y_09_P1,4.0,3.0,53.0,3.0,12.38202982431967,12.424087010477141,44.57173388992863,44.609368559328146,8.012426797259584,7.212013988330796,31.09792227066292,30.346111338747335,27.45665054599376,27.180604429902473,52.114991662181666,52.685657943883555,39.79613122947408,40.90881089572373,39.79613122947408,40.90881089572373
PPO_Y_09_P2,7.0,4.0,0.0,7.0,14.167055209013531,14.445787067446123,39.39986338937145,39.318325983986355,6.163740746494423,5.268067549529022,21.27891467186755,19.746917833936163,16.96892434125091,15.751743113898547,36.09171659274831,35.54613485288186,43.10243175849081,44.41059692381772,43.10243175849081,44.41059692381772
PPO_Y_09_P3,27.0,9.0,4.0,8.0,16.22552911238492,16.697837191708807,44.89032826956586,44.81219664123411,5.1775151076833055,4.387245147239522,17.945563338372683,16.349402933370023,15.134055607551877,14.008022740586867,33.43701562616417,32.37126970198032,45.69475141536011,46.7853109881269,45.69475141536011,46.7853109881269
PPO_Y_09_P4,9.0,12.0,23.0,10.0,15.318893399922507,16.002651475992167,40.51152548623102,40.50553018653621,4.449269702401973,3.748741954500477,15.497293139925134,13.876834408558716,11.143938652015722,9.584610106995738,29.204069631646373,27.39326005618605,49.52450678248023,50.42194744219406,49.52450678248023,50.42194744219406
PPO_Y_09_P5,29.0,22.0,14.0,7.0,12.241104370901807,12.801019938923627,35.56378075875106,35.39067884886145,4.019071119436871,3.4089992383187946,14.502862020529694,13.014436721050219,10.266178229652567,9.105188406975035,23.982201647325184,21.995718337869476,46.45326279152104,46.19368470696578,46.45326279152104,46.19368470696578
PPO_Y_13_P1,20.0,0.0,0.0,35.0,5.0371091068639515,4.471255111930084,40.87132919237712,40.69114718207788,2.759368306315309,1.981493610411501,15.415672983105372,13.487743178413039,8.803167729211275,6.377392613759862,36.39473634990219,33.99929759261858,74.83759014798028,79.09734040475206,74.83759014798028,79.09734040475205
PPO_Y_13_P2,6.0,8.0,7.0,12.0,4.707971511341,4.05533423344179,34.6329463261289,34.42614992592022,2.797960047379033,1.8909295937222084,15.550978199634457,13.531247990230844,9.852756603712136,6.984010020380584,35.39630357568073,32.72344068714764,71.48274427413904,76.57742198630218,71.48274427413904,76.57742198630217
PPO_Y_13_P3,7.0,10.0,7.0,20.0,3.120355496838526,2.443434408852221,28.524043238982657,28.11570910744289,3.103971760901327,1.9403572046154642,19.46898873700555,17.385110417559467,8.89083251958072,5.900515292844273,35.61717554646709,33.115844678279636,74.19228375594535,80.07278144626568,74.19228375594535,80.07278144626565
PPO_Y_13_P4,9.0,7.0,6.0,19.0,3.024380057971974,2.337628537529778,29.40945357659438,29.080800094709446,3.8605508759591665,2.435408316778695,24.905058792139428,22.878222413623966,10.682961090250204,7.205977583805242,40.37940334480186,38.6156925546299,73.4333100188584,80.36549836872791,73.4333100188584,80.36549836872791
PPO_Y_13_P5,3.0,16.0,11.0,20.0,2.6424475929641673,1.9728593326152764,28.565877524891768,28.218646462038592,3.4414005060404462,2.097029001679517,26.21796463780005,24.60415875193909,9.14456888383388,5.898879305451373,41.168437445840844,39.65320221314988,77.52332188751161,84.28222330554756,77.52332188751161,84.28222330554756
PPO_Y_17_P1,5.0,15.0,0.0,14.0,9.265931290071244,9.65189749026184,44.41143922825185,44.510543302733275,20.88290179601408,17.546449056335124,55.32497297665798,52.61052723759641,0.0,0.0,0.0,0.0,59.21065353599663,61.97361740725525,59.21065353599663,61.97361740725525
PPO_Y_17_P2,27.0,20.0,0.0,12.0,11.06693897730274,11.847567081936084,47.35380603641541,47.854779496477235,30.064681607125753,27.05395420472137,62.135426229402,60.245074302920855,0.0,0.0,0.0,0.0,46.534090888563746,48.383704651179805,46.53409088856376,48.3837046511798
PPO_Y_17_P3,12.0,23.0,0.0,23.0,5.576545579815574,5.471515100065337,39.30752028797912,39.26509704373823,21.55073129598528,18.85386299341711,59.22823284852012,57.530500497693325,0.0,0.0,0.0,0.0,63.51325107470307,66.47484033622966,63.51325107470307,66.47484033622966
PPO_Y_17_P4,6.0,0.0,0.0,40.0,4.446239800931553,4.162608274733746,38.06000808213871,37.91050267564579,10.287102976531287,8.093815920671231,46.277106953227374,43.78446042659094,0.0,0.0,0.0,0.0,75.82854327143758,78.3255571374578,75.82854327143758,78.3255571374578
PPO_Y_17_P5,1.0,0.0,0.0,27.0,3.7648100250523475,3.401764635891099,33.58355288901886,33.09430443272878,10.251673652334983,7.7481009010615525,45.01390840796648,42.10358735841953,0.0,0.0,0.0,0.0,76.40653741848283,79.51317643936468,76.40653741848283,79.51317643936468
PPY_O_09_P1,65.0,4.0,0.0,34.0,0.8980552958188811,0.7451492405047102,11.54377536998876,11.35998373954403,9.341101582108166,7.6794453792380795,50.57963397921061,49.52397623316406,0.0,0.0,0.0,0.0,80.68592280467251,83.0568040026926,80.68592280467251,83.0568040026926
PPY_O_09_P2,4.0,12.0,15.0,31.0,1.090806617130688,0.9740455030253519,15.521526180227049,15.493248800848248,5.293913255646621,3.990038294012404,44.2702087463026,42.891383469437976,0.0,0.0,0.0,0.0,87.11479147514159,89.07504791806966,87.11479147514159,89.07504791806969
PPY_O_09_P3,20.0,29.0,0.0,32.0,1.5210189264478438,1.3342929693177337,26.24063833902554,26.16368575474394,3.3307889827075483,2.450394185927586,36.563398968943716,35.35987008050741,0.0,0.0,0.0,0.0,90.16988140730925,91.74537442279545,90.16988140730925,91.74537442279545
PPY_O_09_P4,17.0,26.0,0.0,40.0,1.7182510149742862,1.5599855424392768,27.57716781398602,27.510289551335394,2.087830950454728,1.4582749123602188,30.720480845515862,29.697246845333336,0.0,0.0,0.0,0.0,91.5593721632813,92.87190142454187,91.5593721632813,92.87190142454186
PPY_O_09_P5,18.0,20.0,0.0,38.0,1.3076824199704544,1.0850497511720245,21.863716265753695,21.66964058394721,2.9735413950601495,2.194420026944224,30.104246994709378,29.064941909778536,0.0,0.0,0.0,0.0,88.16413361731841,89.5761163216653,88.16413361731841,89.5761163216653
PPY_O_24_P1,3.0,15.0,0.0,35.0,8.468549326480543,8.648803042581296,17.526977233525358,17.073487108876996,15.673603596444213,13.815297890865963,29.56787519194841,26.84961044791455,0.0,0.0,0.0,0.0,37.054742045934155,36.08528039945049,37.054742045934155,36.08528039945049
PPY_O_24_P2,4.0,17.0,0.0,8.0,9.459884550857156,9.787976520924445,19.479343048075066,18.998175702924268,15.347539928095433,13.426054220346161,27.668003713721966,24.780385430308733,0.0,0.0,0.0,0.0,32.26641074071364,31.00942548972351,32.26641074071364,31.009425489723526
PPY_O_24_P3,8.0,5.0,0.0,15.0,9.310381712621892,9.587833200012486,19.52908611289269,19.123258684442234,14.297453205868885,12.495178039817944,26.222326786923446,23.705730209460118,0.0,0.0,0.0,0.0,32.047140179632265,30.782182762780526,32.04714017963226,30.78218276278052
PPY_O_24_P4,3.0,2.0,0.0,17.0,7.97374099756511,8.284349727727857,19.099690976185443,18.817548632536347,13.063511194901245,11.497161032391364,29.35697090862317,27.246904581003513,0.0,0.0,0.0,0.0,44.202949357901325,43.28335636429581,44.202949357901325,43.28335636429581
PPY_O_24_P5,6.0,7.0,0.0,12.0,13.613194388534852,14.286415011243239,26.478164028785855,26.1997328538983,15.336826433913684,13.718130580635846,27.993444555099096,25.595461112637686,0.0,0.0,0.0,0.0,32.473551584503774,30.899080425570414,32.473551584503774,30.899080425570414
PPY_O_31_P1,36.0,27.0,0.0,19.0,4.547946458666984,4.583323649518385,28.93379976253163,28.89860572265313,2.5950706279572753,2.0292479494181066,21.003939495804534,19.784445012977987,0.0,0.0,0.0,0.0,85.14489903281181,86.19144408947132,85.14489903281181,86.19144408947132
PPY_O_31_P2,26.0,34.0,0.0,23.0,2.8132507643494282,2.658957483040754,23.683537426902863,23.509263342701832,2.164776396417214,1.5594070654455339,20.220057855695334,18.959342013812773,0.0,0.0,0.0,0.0,87.26145208375833,88.74831551986254,87.26145208375833,88.74831551986254
PPY_O_31_P3,26.0,21.0,0.0,19.0,4.380993891736604,4.227891028692836,28.155100108225138,27.969912844822275,3.7396271115659685,2.9589390652872813,22.373723859375435,21.035137562242642,0.0,0.0,0.0,0.0,81.5260223227692,82.86805261312081,81.5260223227692,82.86805261312081
PPY_O_31_P4,25.0,21.0,0.0,29.0,2.917831186410101,2.7059848677027842,19.92006851670569,19.74340959470225,3.676106299297272,2.84865245424368,22.286141174075304,21.067947553746354,0.0,0.0,0.0,0.0,80.6857261834791,82.25672558651223,80.6857261834791,82.25672558651223
PPY_O_31_P5,18.0,20.0,0.0,28.0,2.163036537617582,2.008163611795082,16.548455907575864,16.55894228976173,3.2254095759845924,2.4738027008284047,21.042396531922495,20.01109394650438,0.0,0.0,0.0,0.0,83.49776847683819,85.1908488383135,83.49776847683819,85.19084883831351
PPY_Y_01_P1,37.0,0.0,0.0,52.0,9.93763626482117,9.179016108927776,45.16125508908683,46.11040672423214,0.0,0.0,0.0,0.0,0.0,0.0,0.0,0.0,78.38666501670006,81.08280087122948,78.38666501670006,81.08280087122948
PPY_Y_01_P2,37.0,0.0,0.0,49.0,8.056483810479603,6.979480061339692,38.215277123806466,38.44569232093709,0.0,0.0,0.0,0.0,0.0,0.0,0.0,0.0,78.8159829257216,82.31339421501765,78.8159829257216,82.31339421501765
PPY_Y_01_P3,25.0,0.0,0.0,18.0,14.25243160902114,14.052781753987956,48.76759133971868,49.43276364497198,0.0,0.0,0.0,0.0,0.0,0.0,0.0,0.0,72.09049850123303,73.21179088503011,72.09049850123303,73.2117908850301
PPY_Y_01_P4,44.0,0.0,0.0,51.0,10.186063104714504,9.710690448247762,47.44937626042687,48.13932239922132,0.0,0.0,0.0,0.0,0.0,0.0,0.0,0.0,77.28279776045258,78.64106869923805,77.28279776045258,78.64106869923805
PPY_Y_01_P5,31.0,0.0,0.0,22.0,10.625103965920001,9.79080873962145,45.450762461991225,45.80729400228078,0.0,0.0,0.0,0.0,0.0,0.0,0.0,0.0,73.19057366127957,74.88459179911072,73.19057366127957,74.88459179911072
PPY_Y_22_P1,78.0,0.0,0.0,41.0,10.475221160778649,9.062267966258228,56.12172436306334,57.13537813328629,0.0,0.0,0.0,0.0,0.0,0.0,0.0,0.0,81.0285477520459,84.14433084437451,81.0285477520459,84.14433084437451
PPY_Y_22_P2,33.0,0.0,0.0,53.0,10.16444210798466,9.229017599313147,52.65007608540429,53.79721576016574,0.0,0.0,0.0,0.0,0.0,0.0,0.0,0.0,81.60576727702463,84.00438379166188,81.60576727702463,84.0043837916619
PPY_Y_22_P3,83.0,0.0,0.0,17.0,9.652432828780185,9.294310570720986,35.29098141770039,35.60760262042207,0.0,0.0,0.0,0.0,0.0,0.0,0.0,0.0,68.92989613953057,69.86509481707827,68.92989613953057,69.86509481707826
PPY_Y_22_P4,9.0,30.0,0.0,28.0,5.306182020368849,4.57562992353111,35.701527627348256,35.877344890814285,29.985887301061208,29.397970411551206,62.663652786960554,64.98078460729815,0.0,0.0,0.0,0.0,56.189001366988364,59.16324149398633,56.18900136698838,59.16324149398634
PPY_Y_22_P5,59.0,23.0,0.0,10.0,11.022531430987764,10.260081853861974,47.667611018629856,48.82116789171936,58.75184650178779,61.32707566275117,71.98824479046652,74.80130474379314,0.0,0.0,0.0,0.0,18.30939754767589,18.083625460732293,18.30939754767589,18.083625460732293
PPY_Y_23_P1,58.0,0.0,0.0,9.0,15.7524927075332,15.61486468065082,23.478179428921035,23.22833540535227,0.0,0.0,0.0,0.0,0.0,0.0,0.0,0.0,25.287182518832868,24.06865801502781,25.287182518832868,24.06865801502781
PPY_Y_23_P2,61.0,0.0,0.0,14.0,14.888086660140958,14.812783814822733,23.68399393573628,23.305924975919698,0.0,0.0,0.0,0.0,0.0,0.0,0.0,0.0,28.99252142961057,27.48840207927021,28.99252142961057,27.48840207927021
PPY_Y_23_P3,24.0,0.0,0.0,9.0,13.261206634131465,13.289808734017644,20.547885875876336,20.295747280101708,0.0,0.0,0.0,0.0,0.0,0.0,0.0,0.0,24.333764444283577,22.81705163219123,24.333764444283577,22.81705163219123
PPY_Y_23_P4,23.0,0.0,0.0,14.0,17.16173639480586,17.49788579135296,24.970141810479205,24.947786008973953,0.0,0.0,0.0,0.0,0.0,0.0,0.0,0.0,22.153893424439122,20.391153536508394,22.153893424439122,20.391153536508394
PPY_Y_23_P5,23.0,0.0,0.0,12.0,22.392746020683827,22.94054526347866,37.49862665520548,37.471411992246075,0.0,0.0,0.0,0.0,0.0,0.0,0.0,0.0,32.72081096600055,30.798443217157846,32.72081096600055,30.798443217157846
ULM_147_P1,15.0,25.0,12.0,3.0,4.540056545760633,4.491140409568464,53.83714412082,53.9266286509995,32.87317351517795,33.22079554544822,79.12909823160805,79.43845231898749,23.7710626572544,24.224991771616676,35.30579520608138,35.62657566555011,34.75565111846963,34.20101003993575,34.75565111846963,34.20101003993575
ULM_147_P2,30.0,10.0,7.0,3.0,2.8233158621705114,2.768721754953505,48.13822138503348,48.1106127490642,20.369721507580728,20.043374878716282,75.3314246587941,75.2899834159484,21.89270812225563,21.757641725119477,46.1474439135348,46.38361509557388,52.07027449228628,52.686197712404336,52.07027449228628,52.686197712404336
ULM_147_P3,29.0,22.0,12.0,48.0,3.121458098342959,3.1143484748033163,39.816998286671954,39.91886767558715,26.864832130386695,26.65576713441999,76.8665026786018,77.09354582434091,27.9315924703406,28.173840106454552,42.48882093607965,42.95941129796485,37.71370354668232,37.954941088969306,37.71370354668232,37.95494108896931
ULM_147_P4,18.0,46.0,18.0,29.0,3.340994650895131,3.3369252167676757,44.87578897337778,44.947660999033886,24.952230583857336,24.938378749853346,77.91733939635736,78.09674417173274,29.06443877666634,28.85864837188268,44.138316306523976,44.11616741708102,39.06675988439288,39.47975388529098,39.06675988439288,39.479753885290975
ULM_147_P5,18.0,44.0,27.0,0.0,3.7413392873838442,3.6811122296252607,48.065700596754226,48.247314479264084,26.975709242666035,26.404070037956416,79.95063965419862,80.18496714280087,32.20681091085778,32.79620356462786,49.4185456569609,50.34301547308184,33.41486793506075,33.701630313909135,33.41486793506075,33.701630313909135
ULM_27_P1,29.0,25.0,33.0,4.0,9.512691703485084,9.867973240377562,49.38579717264742,49.72129990514246,13.234948683566907,12.225309148972032,40.12829179468849,39.06531262498694,39.653148360612725,40.49765156796086,53.983388395536856,55.03152067583261,29.09072039085129,29.25704532734294,29.09072039085129,29.257045327342944
ULM_27_P2,20.0,23.0,20.0,0.0,7.067025952634095,7.162767884396226,40.652536094106836,40.83845756629583,19.762546087835194,18.82058460817368,55.28907426769846,55.017789182338674,44.65761996946271,45.36506300568292,55.3304331551909,56.6129630845046,21.133247949447444,21.815025046627625,21.133247949447444,21.815025046627625
ULM_27_P3,31.0,13.0,31.0,3.0,6.782495004984811,7.17244931120676,38.4783227632439,38.6616857235371,15.569246529030858,15.075821708977157,46.07403081321273,45.33670153338372,38.208247629432826,38.024357476033224,54.76994552037764,54.649978892634756,30.565563797971627,30.935714004616937,30.565563797971627,30.935714004616937
ULM_27_P4,6.0,27.0,32.0,16.0,3.0191827977124532,3.0967122344347375,24.398559593877156,24.50397719219863,9.37868995647415,8.504843186632458,36.70116727754454,35.56631211079301,49.86588525920493,50.829295997374736,67.77822935162902,68.97018068445392,27.88510786817496,28.113037698236447,27.88510786817496,28.113037698236447
ULM_27_P5,13.0,35.0,26.0,19.0,2.6301265214385894,2.4990011086219655,20.25040741448809,20.236346158035772,10.458681202615015,9.271416990280242,42.63550965790129,41.92358604467821,57.76715376528717,58.51019376018777,70.4658682769168,72.15991725836184,19.72022895817377,21.17629240730419,19.72022895817377,21.176292407304196
ULM_310_P1,10.0,16.0,48.0,2.0,6.032341548287996,6.255262925535209,53.3538716445905,53.71676197933929,20.334896528765572,19.389119097676204,65.3683895906389,64.84799493623584,39.796196617638,40.87982728674993,55.336910862544684,56.737368985668056,28.98288120663891,28.628050664501366,28.98288120663891,28.628050664501366
ULM_310_P2,15.0,18.0,20.0,2.0,12.688674501557514,13.671121422516775,59.20928251637031,59.75748568166115,26.353763649857036,25.849364023158394,55.53424156617176,54.44111671069237,25.564708360369664,25.60679263021281,35.77056377351951,35.94512158804103,26.741990930634124,25.96190188931588,26.741990930634124,25.96190188931588
ULM_310_P3,53.0,29.0,19.0,3.0,7.59904283682349,7.7036014653412295,64.09218523827612,64.53163136259768,32.941551967918905,32.55903327203926,74.0559804591337,74.12605448124626,32.081097911419235,32.385427248419134,43.415533294872866,43.986095646322596,22.965389756473883,23.02853194781668,22.965389756473883,23.028531947816685
ULM_310_P4,27.0,16.0,12.0,4.0,7.94624118307838,8.030757690799973,62.72124683670478,62.934688725815235,30.28026997017187,29.247749917743892,72.37375642528525,72.20748455919043,44.65155376314559,45.49674700181539,52.48308634906953,53.60328792994037,12.502322641715965,12.716814596058152,12.502322641715965,12.716814596058152
ULM_310_P5,18.0,20.0,11.0,5.0,7.461021178266263,7.585750260466124,59.845418831888296,60.15076023697914,24.376425922230084,23.40333302497567,70.856107008165,70.59514856829595,37.59981361818154,38.27876186741,52.41959447932649,53.5438590777775,26.204457673971564,26.53017109509619,26.204457673971564,26.53017109509619
ULM_325_P1,25.0,43.0,17.0,0.0,3.320846087284388,3.348693264749946,49.34750767667753,49.70555237545867,13.837241110488089,13.083734711751859,68.02931905752783,68.0569951381393,67.67089547023377,69.01990203510184,76.06150938718703,77.14715232242038,11.735514578769642,11.306667859567582,11.73551457876964,11.306667859567582
ULM_325_P2,38.0,19.0,4.0,0.5,4.728504030334399,4.800885544678385,55.568178084955356,55.91004207601434,16.12535808453699,15.657808463575993,64.70339385072145,64.41178839820559,50.75874891934271,51.92076840553792,69.60885622752609,70.514660405185,24.878325637454537,24.21707743697345,24.878325637454537,24.21707743697345
ULM_325_P3,44.0,35.0,8.0,10.0,4.914476640495267,4.7833730106495125,54.872687257483676,55.21786818505397,16.724451662291568,16.111916775537296,62.93935836698464,62.747300246784654,59.47265407727742,60.9047815940623,69.9241357789406,71.09000032423813,15.510445010451186,15.023847005777057,15.510445010451187,15.023847005777057
ULM_325_P4,10.0,16.0,71.0,17.0,2.4224736131926945,2.0948245737150764,50.66048213003745,50.783157867053404,8.39939996524027,7.476446988853991,58.243499297600174,57.87436582992848,70.85075806816667,73.15579349669233,83.11992882771784,84.91488923829074,15.988466328598838,15.243594277793568,15.988466328598838,15.243594277793568
ULM_325_P5,7.0,6.0,51.0,20.0,2.261010520062059,2.06365181223336,43.24067910820048,43.35132576802267,5.104117819184668,4.292255500169176,44.97796733605641,44.69039245554048,75.36282876223643,77.19031235787592,88.48377230750341,90.17624935200853,14.585307150804534,14.234589560030358,14.585307150804534,14.234589560030358
ULM_345_P1,5.0,7.0,8.0,32.0,2.6086418058712644,2.4714074620054594,45.37582994108387,45.58576130178201,5.766014967401734,4.967521011491692,51.70675088646849,51.36068652200302,71.3936721799196,72.73024789879447,85.95321046805674,87.27448741960383,17.329461966915503,17.17867543399137,17.329461966915503,17.17867543399137
ULM_345_P2,25.0,15.0,53.0,3.0,2.854249984479915,2.6589281751226927,45.08793152976011,45.1429375437613,11.846391131349895,11.092163633257412,57.5871047760433,57.3276386846665,76.60961935022429,78.00859451347824,81.09008767703239,82.47463447802076,5.4803206456766755,5.38681599017317,5.4803206456766755,5.38681599017317
ULM_345_P3,18.0,52.0,29.0,10.0,5.192098194096642,5.1234377459894835,53.63665356609585,53.9795004241279,18.066015066548104,17.271397842192236,64.12356328810608,63.50157295235793,58.64367268661502,59.91332388288657,67.45040793103549,68.67894690040602,13.838406691475807,13.57559505034489,13.838406691475807,13.57559505034489
ULM_345_P4,67.0,13.0,27.0,2.0,5.304955726186865,5.221501450476118,48.88504861610077,48.66262426157925,8.047141583391246,7.1689100220369975,42.193207858818695,41.26311022605286,65.29082747397737,66.58412763679296,79.35660319726823,80.68239077564692,17.127227179642578,16.980093871181396,17.127227179642578,16.980093871181396
ULM_345_P5,26.0,21.0,64.0,16.0,3.1614255071835546,2.8934685270810303,44.19827407885046,44.38754421456458,7.219610178476017,6.379440524434344,40.50129768647655,39.58454060958275,68.52891588567209,70.82787142263717,83.22726070706317,85.17739230557292,17.305833803156755,16.685410426882488,17.305833803156755,16.68541042688249
ULM_80_P1,5.0,9.0,79.0,0.0,4.32894144194543,4.337221038488863,49.43423786286264,49.89926636449195,13.5430606277657,12.038380079755353,58.863683149707136,58.29659215010739,68.15717911748992,70.30304131920454,76.13812872816969,78.08720061932603,10.313682058323305,10.049925215325912,10.313682058323307,10.049925215325912
ULM_80_P2,17.0,27.0,38.0,0.0,5.150980254361194,5.0058973604876,47.783243199546284,48.19229223548071,16.897996592403373,15.016529154956205,59.812211067878465,59.0433834838671,67.8860770216758,70.40626150275929,71.09184924446576,73.43100352427088,4.428377246845281,4.165921560678716,4.428377246845281,4.165921560678716
ULM_80_P3,25.0,28.0,8.0,0.0,8.407795533934133,8.499028373931937,58.19270472084632,58.62729480570125,19.876995456644103,18.42605761512168,56.163082026389574,55.19904588440211,63.14384533348788,64.88871475738492,66.17902770343319,67.8439786940925,3.7068249118569883,3.5233524545561257,3.7068249118569883,3.5233524545561257
ULM_80_P4,3.0,4.0,58.0,0.0,6.686668518990584,6.804037280833701,52.63785933634506,52.98269016370871,12.915590218437107,11.870213089095568,44.92834730019545,43.72202360387353,72.74322691696615,73.75524823515576,73.48128628623132,74.45587535499834,1.7933595717492459,1.6712420470078169,1.7933595717492459,1.6712420470078173
ULM_80_P5,6.0,17.0,56.0,3.0,6.268623307710045,6.532129282368844,49.42036731722197,49.83855190999952,12.315128697315838,11.113028447178097,49.01777731432258,47.365137058958744,69.31369018799882,70.03305849737873,73.81221051772938,74.50025821500884,5.660333034938611,5.637386123475924,5.660333034938611,5.637386123475924
ULO_107_P1,7.0,20.0,62.0,2.0,3.083696256848671,2.8676800243063445,37.938153050435815,38.30980581212785,7.4684213934130526,6.54439266431753,41.27214165501239,40.32451898179232,63.523039763936104,62.65132303998264,79.71284847529152,80.61291552342563,20.296293103923254,22.594562158794183,20.29629310392326,22.594562158794183
ULO_107_P2,11.0,4.0,71.0,0.0,3.3694597793707657,3.0199083845655434,43.06438121447529,43.263959519589754,7.722912160694643,6.604533744305409,46.967540363705155,46.37535674229626,74.78202142836199,75.97971507550328,83.2340605064412,85.21938806612066,9.95303136432264,10.766296343884452,9.95303136432264,10.766296343884454
ULO_107_P3,9.0,8.0,72.0,4.0,5.51291976113223,5.49800441398259,46.11345598445105,46.581101115627064,9.953729323287565,8.93285284986408,43.03397245900898,42.10043575311044,70.29414233350928,71.1200695876147,76.88520064472168,78.2157158653374,7.936981532837192,8.46338786465875,7.936981532837192,8.463387864658749
ULO_107_P4,4.0,7.0,23.0,3.0,5.924482936645998,5.888180992921177,43.111433301589194,43.703342587453754,4.7491751600937295,4.055518172545807,25.946656938292467,24.78789050004711,65.93150483476467,66.37806285812702,78.2532134854052,79.21939188790779,15.627225511056666,16.192957984444845,15.627225511056666,16.192957984444845
ULO_107_P5,7.0,5.0,47.0,7.0,6.537960469026164,6.485094250007915,48.998749546832386,49.83697518774028,6.737210159835355,5.956216366030538,31.8014365827098,30.66049399108971,59.07865656564415,59.508580951691584,76.09481161380832,77.15741480781476,21.95394467258313,22.70440827966203,21.95394467258313,22.70440827966203
ULO_139_P1,19.0,39.0,48.0,0.0,5.13665139760384,4.768175069101221,48.2683197554184,48.47777013909576,13.171547209971612,12.617103139069071,44.882561092913534,44.81314422800636,64.44451705223472,64.73727542858684,74.40640955158958,75.80034515365726,12.096389458034972,13.276471019462338,12.096389458034974,13.276471019462338
ULO_139_P2,20.0,26.0,48.0,1.0,6.950167003308899,6.57606838359526,59.89520028825041,60.05871084188438,7.135308392387508,6.557607165767658,36.287584926890446,36.131108559864174,62.44868848734219,62.437805135749095,77.33179354844482,78.47359187103321,19.46106382239792,20.80322984106178,19.46106382239792,20.80322984106178
ULO_139_P3,11.0,32.0,37.0,4.0,3.784312966609367,3.550933148340022,45.75001541329428,46.020788375538636,14.341290741964663,13.783654662363334,61.98885893679722,62.24061381659778,55.53312100516719,55.31944633877819,72.08331877628741,73.201233940527,22.414988738612838,23.89404179252952,22.414988738612838,23.89404179252952
ULO_139_P4,26.0,7.0,51.0,6.0,4.713718701377308,4.314875428794698,48.96488092534111,49.0791272952292,6.154068842481388,5.45228089764913,38.29585510164118,38.06328216770077,48.13170798845879,46.532844105419315,74.32295531903196,75.15085269159873,36.61481380608636,39.75897664324612,36.61481380608636,39.75897664324612
ULO_139_P5,38.0,5.0,28.0,7.0,9.972597026442026,9.907012772208278,60.2407480215398,60.282832780058285,8.881226435352877,8.427326550663098,31.713808822062123,31.108805729253564,61.22134494748931,60.389484499622505,72.58965613295312,72.96317538851717,14.979438908738082,16.542237747852532,14.979438908738082,16.542237747852532
ULO_188_P1,9.0,7.0,37.0,4.0,3.006390262962334,2.8194950167689865,20.29968138425118,20.40497790053115,4.654528068154154,3.9827036638522344,18.231704444753323,17.041565628051927,35.931093867606464,34.53191750022856,61.14455483438036,61.8131335154682,43.96703913043028,47.141344212417216,43.967039130430265,47.141344212417216
ULO_188_P2,15.0,26.0,7.0,29.0,4.932156712598884,4.854082876712272,23.883458966812874,23.777108033790523,8.424583854186828,7.559300155435163,25.440636115377284,24.129120954217427,25.27620968181014,23.628335317562872,45.86501368578451,45.904184408625206,46.51754805615451,49.51794745671506,46.51754805615451,49.51794745671506
ULO_188_P3,32.0,59.0,3.0,40.0,4.363612466340386,4.277609771749287,24.506626955791972,24.345857801315415,7.31994346832715,6.646162503574361,25.381725444940578,24.308103704944934,34.820987579636274,33.82648948197695,59.03775262677213,59.6086646630093,41.172787497438875,43.33149042740757,41.172787497438875,43.33149042740757
ULO_188_P4,36.0,51.0,3.0,0.0,5.160813781428863,5.167634549309839,22.107304618029826,22.04671263043927,8.311585143316021,7.433019661124242,25.888813367571462,24.600774167869904,35.00280981008086,33.298032272564825,55.4750661536273,55.417201586811025,36.78001619372571,39.64447033845221,36.780016193725714,39.64447033845221
ULO_188_P5,8.0,6.0,10.0,0.0,4.052537273329381,4.158534944037363,15.974160114196387,15.963132538565278,7.710809082416118,6.708342845826709,24.579643490008003,22.9074431877517,40.39258782723934,39.76643853747581,57.81560048545538,58.43365216032645,31.402634270213035,33.32824506425992,31.402634270213035,33.32824506425992
ULO_237_P1,24.0,25.0,4.0,20.0,10.389753516547023,10.284758967265665,44.80008593522306,45.157348287988235,7.962582432622043,7.2823241414673054,25.41019247487212,24.728578266266595,3.9702840013720277,3.492667936509259,10.827203795535073,10.43524956058679,65.4551819773868,67.31153698577036,65.45518197738681,67.31153698577036
ULO_237_P3,26.0,17.0,4.0,22.0,14.30058472301869,15.060455747167698,50.813882433898605,51.54634335349137,15.68265366575183,15.5937166458454,34.798071876398325,34.35731228852722,4.100959988653188,3.7377673981229833,8.443223966225768,7.798437192782092,53.06524238344027,52.60616758601595,53.06524238344027,52.60616758601594
ULO_237_P4,18.0,28.0,3.0,20.0,13.110790577742511,13.743604032496155,49.76641245248777,50.15431428872436,17.470710976671874,17.15757606921658,38.49901075235776,38.01939071691549,4.658182311670425,4.151547422205392,9.291635206089536,8.395989880523683,52.057693668226705,52.111404888469316,52.057693668226705,52.111404888469316
ULO_237_P5,20.0,9.0,6.0,27.0,14.592389109045573,15.74620933688729,46.26702804099985,46.70203058037689,13.343671260287216,12.826283192643015,28.304219297594923,27.01592021109816,7.013389454241259,6.525227850230418,12.702015289789745,11.712220526067451,48.69337606642263,47.769777320591594,48.69337606642263,47.769777320591594
ULO_271_P1,37.0,25.0,3.0,13.0,17.291855137045374,18.235027926453238,46.6381235552282,46.845999841011086,7.732927734015889,7.153860696049165,17.064964458212074,15.937410711670887,12.092345790334406,10.80115946585964,20.850819511426394,19.235474498267866,42.222819423151954,42.30479826017607,42.222819423151954,42.30479826017607
ULO_271_P2,16.0,18.0,18.0,22.0,9.562405376255771,9.71679194094911,32.97055239842652,33.11610429372428,11.246603167411433,10.727205328254783,25.7913106186127,25.00374319937475,15.740466248594057,14.332023828366319,27.416952624336876,26.438131138682188,44.274151404228306,46.00698999297538,44.274151404228306,46.00698999297538
ULO_271_P3,42.0,49.0,14.0,18.0,10.554618800956462,10.010565031141528,48.94802749500145,49.28019606011205,8.716462599317545,7.838029234535234,27.262232627956777,26.776117827502592,10.091648633657098,8.776344311103347,22.463333123537,21.389411310712624,60.72410494550833,64.36106179386026,60.72410494550833,64.36106179386026
ULO_271_P4,2.0,8.0,3.0,13.0,10.206273165364816,10.283747184673803,36.61721812686464,36.77896960328152,10.288330595781366,9.494040663610805,25.42354291770353,24.529434060315744,10.838912209800377,9.820777442295729,21.67609126373165,20.732113732394087,51.48760483988675,53.440784430824316,51.48760483988675,53.440784430824316
ULO_271_P5,30.0,7.0,10.0,17.0,11.209625355644825,11.399497364424032,44.21847189526954,44.620185886954964,16.84536623167426,16.263761667258816,38.6352349052583,37.926923289458024,16.4272178388684,14.98479266760509,27.333030134627894,26.304456214107375,41.82744298427,43.86186825543008,41.82744298427,43.86186825543008
ULY_Y_231_P1,25.0,21.0,0.0,3.0,29.24084354788047,32.60681278584786,61.88939667233733,62.375330236627605,13.143064960702155,12.770484417079391,20.145028324623855,18.503783653703525,6.219270497023674,4.993063813694785,10.578253881619517,8.489791163190118,34.96208384095781,31.50089975070841,34.96208384095781,31.50089975070841
ULY_Y_231_P2,17.0,41.0,3.0,3.0,21.6007311377488,23.945147926689415,61.69461631328619,62.640630193474564,32.980135561816404,35.878300320180415,45.92077420728258,46.179539473676336,6.3968932531017915,5.128847387470925,8.744308559740023,6.850370803208657,26.21649693571794,21.60738790009357,26.21649693571794,21.60738790009357
ULY_Y_231_P3,34.0,8.0,9.0,14.0,26.519583397857353,30.126664661625885,49.110292515491786,49.40056629678,10.896331478631293,9.932745176009934,16.19606266132343,13.72182876403005,10.272508551859099,7.967418235763557,14.552237356526193,11.21603478676565,25.76471923001507,21.884539842404614,25.76471923001507,21.884539842404614
ULY_Y_231_P4,27.0,10.0,4.0,5.0,24.289440495851757,27.98368947800835,51.839770582534705,52.27003964425736,11.735835387740394,10.916602431959749,18.8062021190719,16.204114212965465,9.388272387315105,7.874261317215844,14.074128620240971,11.550327456619192,31.45879847874451,26.942160053435003,31.45879847874451,26.942160053435003
ULY_Y_231_P5,24.0,10.0,6.0,5.0,25.50705001756606,28.42509688701377,56.44365163371261,57.104178963358265,21.128351547976703,20.353856987651774,29.857276582071883,27.71137430677875,11.126317233337286,9.774798110423163,14.381730377250884,12.530593408915689,22.37230977555959,19.64357125137173,22.37230977555959,19.643571251371732
ULY_Y_232_P1,32.0,27.0,1.0,2.0,33.4082348310765,36.72702773386485,62.29874316941545,62.759356728451465,21.37762646990359,20.20349568336835,29.069352184149643,26.81802088671394,11.881463096481287,11.052262238886382,13.991515395438766,12.70713953538426,14.173198514281832,11.184048934409896,14.173198514281832,11.184048934409896
ULY_Y_232_P2,40.0,16.0,4.0,17.0,43.98419838689133,47.32457779024923,66.09867321781738,66.49403259805467,15.114201369112735,13.977307299820826,19.077042047121115,17.199590997996935,5.493451674980291,4.7573895418803795,6.602202915769677,5.5625650651438745,13.527793724887715,10.617140772214134,13.527793724887715,10.617140772214134
ULY_Y_232_P3,12.0,25.0,1.0,0.0,39.43764817009016,42.63773933189131,68.98895105075884,69.5835326627732,25.828122917871042,24.19429848905971,31.386294680287065,28.685195139757035,7.651855877097799,7.254463188295351,8.828680805712025,8.167238582684888,9.960877471090244,7.7933203219669265,9.960877471090244,7.7933203219669265
ULY_Y_232_P4,19.0,30.0,2.0,0.0,42.667944903881505,45.796134580916075,76.55735151125293,77.1734564855038,29.79023651371201,28.655140028566446,35.27512628958876,33.0393151896595,7.034595298829757,6.1037807339860635,7.909024375633522,6.721327551619925,7.333929169534372,5.659887777837829,7.333929169534372,5.659887777837829
ULY_Y_232_P5,48.0,26.0,5.0,0.0,37.533958082782846,40.75658987712847,75.57573252644335,75.9453781356167,26.068495297973833,25.10232001850955,34.01590827771097,31.642452060658364,10.448703690416565,9.71687007296266,13.220751663846212,11.957867356819191,13.975892775721722,11.493934528179041,13.975892775721722,11.493934528179041
ULY_Y_25_P1,18.0,35.0,1.0,3.0,17.710635425017333,19.4441509898563,56.65794057794733,57.33772502619051,38.23347833080864,40.215180050729955,54.02586735730635,54.03602417517314,6.916137260481498,6.1186771316413635,9.330043029224768,8.027375932772255,25.412125795546643,22.202114679031848,25.412125795546643,22.202114679031848
ULY_Y_25_P2,28.0,25.0,2.0,2.0,17.171659769253658,18.533134618815303,57.071457017579064,57.86592226166779,39.79551667248168,41.5083903379325,54.7008265620752,54.66103087236519,4.1183484672218205,3.671179542792824,6.067217728117965,5.206965355777954,26.854861215902847,24.032477829620426,26.854861215902847,24.03247782962042
ULY_Y_25_P3,22.0,9.0,6.0,26.0,19.87354923558425,21.884512809378272,60.73981570635909,61.19882485134445,32.472245939771476,33.88428096576718,46.56917897739141,46.288127866698275,7.620817999131339,6.577694945485524,10.631376339764852,8.87824755757345,28.40522293007289,25.189059708190385,28.40522293007289,25.189059708190385
ULY_Y_25_P4,5.0,8.0,0.0,4.0,18.59735989868417,19.772106492319867,63.90260405536748,64.5390165635177,45.40131684483568,46.88046561305729,60.17339204915913,60.32864205538671,7.716018695204134,7.1057659635480634,10.095211961262502,9.018158276644527,19.282515023737602,17.10763244500726,19.2825150237376,17.10763244500726
ULY_Y_25_P5,4.0,24.0,0.0,13.0,13.055425758900558,13.92886478756006,56.48317987118268,57.283928417227074,43.5785909703843,46.03593669984257,63.272577311496704,64.15051778238904,7.691789970825575,6.898429253404964,10.974365552244517,9.730829649266978,27.232844513778165,24.777784582575315,27.232844513778165,24.777784582575315
ULY_Y_96_P1,31.0,20.0,7.0,0.0,35.431852452704646,37.4475910555972,62.537015492586534,62.89391975690769,9.370166721394279,8.618875170879223,19.436906716473537,18.116011980254314,40.175624263411706,38.77110849043407,40.5742819714825,39.185590491311075,1.0009042759655653,0.9145504197374035,1.0009042759655653,0.9145504197374035
ULY_Y_96_P2,35.0,39.0,7.0,0.0,49.86792054229572,52.351544495578096,75.03121778429474,75.26053925157193,13.26647615659328,12.533445713200878,19.20101469568636,17.97302664718829,18.126359523552754,15.978533642895206,19.38233278526786,17.046309172853917,3.562411189134454,3.4163745217130947,3.562411189134454,3.4163745217130947
ULY_Y_96_P3,29.0,26.0,3.0,3.0,49.467737284185404,52.26158331726295,79.34171494228754,79.88260850526578,22.61393982275011,21.9584941293006,28.132139449354028,26.659556007880447,14.396436653347026,12.189175362931541,14.552273744818258,12.286678681046299,0.659513138191434,0.4957310028272449,0.659513138191434,0.4957310028272449
ULY_Y_96_P4,26.0,35.0,2.0,0.0,57.785578016541926,60.2983380648207,76.1238948963586,76.6271817557855,15.446208524306751,14.481783837106867,17.18143836665171,15.852771198491892,7.5817674494109895,5.704485535008668,7.632704008213846,5.735470431284398,0.1539538901850179,0.11719546610765728,0.1539538901850179,0.11719546610765728
ULY_Y_96_P5,5.0,2.0,0.0,43.0,51.25147151202651,53.796126794390375,64.65860365247141,64.97555144768306,9.639687381791227,8.384533613166537,11.013887962415142,9.363238611386572,9.292199587902491,7.189532877556124,9.37962436617336,7.24360189585695,0.7585672656861245,0.5071944508389394,0.7585672656861245,0.5071944508389394
