id,pca0,pca1,pca2,pca3,pca4,pca5,pca6,pca7,pca8,pca9
AGG_O_01_P1,-4.6251098388449865,-0.34923089358695936,0.9952117873222536,-2.5175613135636854,-0.19304145904661527,0.048111294492756286,-0.13627960082172172,0.5814804563704091,-0.44385809470747667,-0.10010185606661165
AGG_O_01_P2,-4.5030290358126495,-1.2178587221354424,1.3292700420072943,-1.917659959002994,0.6559030864040377,-0.21904095469362594,-0.22348004480076222,0.7982221278124316,0.023827582860413903,-0.1536868568468135
AGG_O_01_P3,-3.667341311676642,-1.0880690771227821,0.3365764214414574,-2.0137647106811536,-0.9577030361231257,0.7863632421289002,-0.09364935210800472,-0.05924095644375054,-0.06645820867631703,-0.2586294872767589
AGG_O_01_P4,4.551102543041172,7.7625592876532155,-1.3673266191360942,0.6425543521409759,0.7957812622380468,-0.4510864316634114,0.8997839249078224,1.5351493032462502,0.061948835225934,0.9768310003648438
AGG_O_01_P5,7.9312412394166465,4.902078761360013,-1.339809912972486,0.7410204329135208,1.0129169047619786,-1.0288744240491527,1.0212032309962076,0.7679728010720747,0.6837045814556159,0.6902753238461242
AGG_O_05_P1,-1.305765698730584,-0.8204786901446893,1.9880446079963643,-2.2813283265277597,-1.0365199616358005,1.9416101003202513,-0.3718386007255115,-0.7033306490508463,-0.5090643598709186,-0.11134270535323067
AGG_O_05_P2,-1.4911958398889207,0.4267033793687371,2.549881933403786,-1.7401273770770729,-0.5822710341075915,1.8794847393126943,-0.09629580668843597,-0.45163939410882953,-0.7225534666418535,-0.16854639340687771
AGG_O_05_P3,-0.3130800082505342,-0.5449721997406083,2.9524908955757962,-1.093619240817642,-1.6023710255252148,2.538341756931535,0.29339359607574733,-0.9918475896706912,-0.8862332342619192,-0.08309760027179164
AGG_O_05_P4,3.350425290555554,1.9890842393786443,-0.2804564975378359,2.4730379401537093,1.5842636296288903,0.5606020974854137,0.06994694104698491,0.31284100944366816,-1.117907634551872,0.16796676884495593
AGG_O_05_P5,3.2282099563719,0.7242127931970027,-1.1494268254362472,1.775499369516053,1.3652270398792608,0.7647846605215591,-0.2358757534058554,0.23331802694316106,-0.6887406491240319,-0.05745484473799767
AGG_O_07_P1,5.09086524280524,5.4860182866912295,2.601867788002994,-2.463641337580086,-0.3651709714323332,0.04074385751988028,0.8922721214136003,-0.17554020059547942,1.1419216492161444,-0.10639124691975822
AGG_O_07_P2,-5.621205532720266,1.271278810090434,-1.3853516407142952,2.620938923887468,-0.5827521634131473,0.2128231772360985,0.33146026805580997,0.264486448517896,2.2388604328466157,0.5334739933243479
AGG_O_07_P3,-6.262684957614961,-0.11916289639210607,-0.38654230453008404,1.5297537326773665,-0.1570609228489369,0.9471749266932437,-0.5262167481242043,0.6287172924049376,1.8462938756078147,1.1714919588216268
AGG_O_07_P4,-3.9959910641061898,5.9323418510350185,-1.3090700926096452,4.044683468320856,-1.104367075373533,-0.9780321299110163,1.3593515215603778,1.0480524963514046,1.9249704458454124,-0.5505148300728453
AGG_O_07_P5,2.0520034766994177,10.405884850933772,1.2098076796964305,0.527091318214969,-0.4123857565326224,-0.07510783972324188,1.8906370718533565,1.102292534948571,0.6915214501610597,-1.30882669712067
AGG_Y_02_P1,-8.390059745572529,2.4549576599032115,-1.0862344936602812,3.119370930694582,-1.3145130349005927,0.9363387552850433,-0.4821116309402689,-1.4525422209322145,2.104878092753205,2.168468982354351
AGG_Y_02_P2,-8.214371076004701,-0.48442342117807297,-0.8333352321663482,2.1018580034075707,-1.2227488143519067,2.331248022598627,-0.25354732530187946,-1.5962848541031027,2.182020974067038,2.890595175708889
AGG_Y_02_P3,-8.1376600510289,3.645656475234781,-1.1069159934208437,5.154938025789358,-1.090861463221352,1.007452845865158,-0.25866591664432265,-1.1140492117179028,2.465978700079372,2.098973168234465
AGG_Y_02_P5,1.2899302386056193,-4.129193667435591,-2.6657307661401606,1.2204058211389401,0.04420156135474188,-1.4579183446225437,0.22764586689776978,-0.7385562287971938,-0.9149592625556333,0.16136205859788352
AGG_Y_02_P4,0.08526081344926496,2.311412356996011,-0.8823489158538015,1.0762078742053705,2.2529272796689055,-1.0870702781482702,-1.363728981269792,1.330933388116024,-0.16658704722551848,0.8841721000910093
AGG_Y_03_P1,1.6122535597488319,0.547553030881339,-3.061743566306811,3.105177638104354,0.32253362836711147,0.4230765712145677,0.3850088124983892,0.2597850699784598,0.1402147276960624,0.6124388409131023
AGG_Y_03_P2,3.4547689646200275,-0.40365652861261675,-2.56063538083959,1.4608792285626881,0.5007310367234225,-0.32179880043677367,-1.1874659454802128,0.2863574774509738,0.7292821445432845,0.7957334920471296
AGG_Y_03_P3,-7.221781298112145,8.79494370118226,-1.3459059237917934,3.4691051182337924,-1.8338027089602458,-1.7561661523290397,-0.540662285277995,0.7107710083483175,1.0752481685609996,-0.6598292177325643
AGG_Y_04_P1,-8.165172957238681,4.027057030948749,0.0457312809762138,0.658788254337401,-0.834668816128949,1.5029464845031357,-1.7684142870556891,-1.0896117769329612,0.9206934317455707,1.1994767644626283
AGG_Y_04_P2,-7.521678207865975,8.069757746392087,-0.04194808124755654,3.109736213400724,-0.6111989371371889,0.9189053510921413,-1.6305544609397042,-0.11484044047782271,0.7605328923438779,-0.12758585639223105
AGG_Y_04_P3,-8.648429710239512,4.884347624253454,0.2633412044752815,0.6565750226919018,-1.4641256061852603,0.8135499825671233,-1.474772619651097,-1.7923473460372852,0.7110598005446603,0.66515677249982
AGG_Y_04_P4,-2.117099637038938,2.930653763264707,-1.599448258302788,1.1334744208853074,1.1653037994010709,0.5847001386811763,-1.2170746883135237,0.6520464295136374,-0.41214491068300496,0.7794729965517833
AGG_Y_04_P5,-1.8070747727805487,0.9427624469770159,-2.8738576036128936,1.1617398470125122,0.41186449791673985,-0.15820599125650994,0.21582012442057485,0.4010345343651417,-0.17762487866414642,0.5440604426931378
EPO_O_04_P1,6.210788126877196,2.1615297417564032,-0.8216807147122461,-1.0271244310892673,0.4850904180239213,-2.17674372642259,1.0616971025023345,-1.0704467447391421,-0.4725209806288666,0.24939054285986598
EPO_O_04_P2,7.060989614902909,1.9812144872531632,-1.4745107210574828,-0.8143279268037064,0.2364813185020794,-2.26298252883377,1.1815178795112165,-1.161129827963839,-0.5316798925181132,0.2628441407857753
EPO_O_04_P4,7.937588901713294,2.612487419401433,-0.7627983922843028,-0.8616699442097511,0.6198968582712124,-2.2081301850612434,1.0504287530386516,-1.097699330546054,-0.2876379159485238,0.1756623710945729
EPO_O_04_P5,7.710423131902779,1.8106925282398882,-1.0144619612670904,-0.6617714112959497,0.6338794129352954,-2.1781663112749583,0.8622389412020162,-1.143750935189474,-0.47558631102689625,0.13320390070111804
EPO_O_04_P3,7.889746122833901,2.2970852229536924,-0.8308264520814015,-1.0883983796349808,0.3900774531840495,-2.010692588677663,0.9073974400654528,-1.282912987240538,-0.7347024372472097,0.5728194730222855
EPO_O_13_P1,2.6291911214786166,1.3066963355755346,2.101902053671756,-3.1355079572914786,-0.8133901873336793,0.19265435609730014,-0.39683805413058265,-0.01910248237321306,0.704012385246568,-0.1846424620033387
EPO_O_13_P2,3.0579811100071574,1.2736612805982828,2.6636704613381306,-2.619823947593292,-0.9685314018695617,-0.07805489322900898,0.17318488588227898,-0.30123218996670853,0.898789238751958,-0.11674404531364362
EPO_O_13_P3,2.4250908685351273,-0.16232014927490496,2.5876008457526534,-1.7792071284496975,0.3320687007723546,-0.3721165028993778,-0.18478162445890364,0.4108462738860822,1.043065211857005,-0.5155853365167996
EPO_O_13_P4,4.246756112560023,1.9849401111687954,3.6003530084592428,-2.5223725103186023,-0.34527620050504204,0.2558219750331224,-0.42659847427898157,-0.27991584286945437,0.6869597606302722,0.15547954742181563
EPO_O_13_P5,4.881101578806849,3.3360486065029344,1.4742376643283228,-3.3050442011706385,-0.8534050667368737,0.653986051241935,-0.27894541184169436,0.029162693009919492,0.9642243308279973,-0.43684885385628425
AGG_Y_03_P4,-8.050433305738554,9.572303915588238,-1.933719038962199,3.8542038391934708,-2.3743412218426014,-2.322477491905106,-0.7491347065676467,0.26112962804334594,1.7162733181101402,-1.6445607790194348
AGG_Y_03_P5,-7.948172004843894,7.720735229268456,-1.8625515448611434,4.050870679208295,-1.8608003748966642,-1.2961338142181245,-1.0109251848279663,0.26660705454589156,1.876733459360524,-0.36598686319783136
EPO_Y_10_P1,1.24162891473801,2.462374432080756,3.4103113136984073,-4.267959358633709,-0.7273338899736408,0.15627742313517615,-1.3738528735558473,0.7499382609290867,-0.17344355422269014,0.3884369018779408
EPO_Y_10_P2,2.0980808732782874,1.6053500845033961,3.4714998191741473,-3.2365894759044638,-0.8455576006054899,0.23219108938355723,-0.9891058773674777,0.554107533213557,-0.09533053136398467,0.5220918475674797
EPO_Y_10_P3,3.1864087031912893,-0.6411148002165156,3.460142957271756,-3.0536499142724227,-1.237163095134225,-0.22451770700128862,-1.3479838429543884,0.23324945280792797,0.5262358142318785,0.6650745215813818
EPO_Y_10_P4,3.0065859457134727,-2.0958065789986167,2.4998989575824004,-2.984473672129921,-2.0968325373330257,-0.2564392491054143,-1.4511996821811393,-0.03792178382292559,0.7610784466169812,0.5754659556158424
EPO_Y_10_P5,3.5511316716941024,-1.2275888084418685,2.427538595156844,-2.726531398166752,-1.690202603947544,-0.014548091841316143,-1.3435421693546996,0.3474844754448897,0.5930639344860039,0.5140105863153313
EPO_Y_15_P1,-0.7044937735064175,0.0595596001198761,-0.7421201599214929,-3.6435549513598073,-1.201498610495557,0.6991356620688158,-0.6378960706486255,0.8584736285086777,0.4736113721609591,-0.29002496580140186
EPO_Y_15_P2,-0.7550490222819508,0.5234324547800393,-1.2793021192145158,-3.445525522119315,-1.105121086979701,0.9370759219434596,-0.5824416809301955,1.186745411942066,0.29023118560547834,-0.3011991920319107
EPO_Y_15_P3,0.09460462914454458,-1.8838602390005685,-2.5177132589799522,-3.1954900347318964,-1.5872257112988977,1.0145025218356256,0.10548000059580337,0.8722922428500467,0.9338051422387077,-0.15823868640010122
EPO_Y_15_P4,-0.7238380508787482,-0.7277964208037023,-2.2035264628251854,-2.8769261480234114,-1.4544282393378738,1.326100551800174,0.8536733997039654,0.6544041514581603,0.3796602660550188,-0.4085652500273614
EPO_Y_15_P5,-0.8926674182567742,-0.47920792344209934,-2.319394494009513,-3.1980988791612845,-1.8007542833067163,1.0521984441851873,0.8535307803363799,0.1305902463821848,0.6264426556631484,-0.747476471548887
EPO_Y_36_P1,-5.242288870973862,1.4248103417481617,-1.8963743058520504,-1.54441973874525,-0.07834145945511921,1.421978932621066,-0.5161124142708736,1.2205932870200338,0.41724677654437864,1.1448005056247423
EPO_Y_36_P2,-3.468182153260193,1.7397567964053244,-1.5983439864118978,-3.3847794323490255,-1.5385813454453883,1.5182175835006788,-0.8159201455110022,0.8486746532387852,-0.0999497569345282,-0.3470584492096928
EPO_Y_36_P3,-2.83055382249243,3.252930949347359,0.17577501560903858,-2.952978112748343,-1.1654465356337818,1.9664910918401521,-0.6793222140284796,0.4725569615759434,-0.5456788439733173,-0.6089249712973996
EPO_Y_36_P4,-0.6031287571334846,1.798070129837855,0.6989426625166035,-3.0446806169318577,-1.833804655517436,2.2496593831001204,-0.059671302283019735,-0.40954927757253845,-0.4916756607535172,-0.5051081255154846
EPO_Y_36_P5,-0.5123998686061,2.814736158077907,1.4433711916860894,-2.9201175603445795,-1.6414379409314028,2.51609825085164,0.20328293197303982,-0.7625815391141202,-0.8846165354480549,-0.4870949274169888
EPO_Y_37_P1,-2.1702378602260586,-0.9942982098590814,-3.704064308795641,0.04468489744349288,-0.27197316687036815,0.9392671024319866,-0.1804039442783167,0.4267485422483389,-1.55014821950843,1.609589909470005
EPO_Y_37_P2,-1.4040045636988112,-0.5321903828347192,-3.464191977472496,-0.5865651309002836,0.12481446703101866,0.22769522649996143,-0.41116291802450045,0.7967840644846478,-1.4219925733576866,1.0564209773736775
EPO_Y_37_P3,-0.7246607617635294,-0.8391261311774733,-3.5445887550871156,-1.578773258375845,-0.2916175091130608,-0.35114409461613505,-0.6681755371331007,0.6903481777651252,-1.1774549256149576,1.0535334318081848
EPO_Y_37_P4,0.9915650203593002,-2.016592110480376,-3.5194766123688908,-1.7825588554961092,-0.36628442392971733,-0.8139706010049955,-0.6712572138053564,0.24469950057762288,-1.0522200603288894,0.4866773057672272
EPO_Y_37_P5,0.6152748493454814,-1.3572099586896373,-3.3002290048950784,-2.166712133025442,-0.10880774972942726,-1.2052569815035596,-0.5914318736971873,0.08275572482092244,-1.2903215972916913,0.6364589964135157
EPY_O_01_P1,2.8263615826883934,-4.497201859127956,4.68828551159123,0.5672607564021259,-2.0102628336982478,-0.1323779966169557,-0.49062481087105947,0.27201675706776424,0.17286456357506022,0.5973896235928176
EPY_O_01_P2,3.05347958292823,-4.031845323434805,4.881642644559763,0.6397789800780495,-1.2539829677708556,0.1108943025402654,-0.7531936660002259,0.3023200692824462,0.19487606253886103,0.4701424945367096
EPY_O_01_P5,3.1584458867881042,-5.1916135244176544,5.172172276976697,1.4477238026559323,-1.933077356014847,0.13258659459511926,-0.6731264426313587,0.33823552720336103,-0.15559602318838256,0.5905158708727513
EPY_O_01_P3,3.2727779565259105,-3.7403235704020124,4.289424176046126,0.03918789130611845,-1.5414792397828596,0.3430159898320897,-0.767081791079469,0.19601593143297114,0.25938341227393524,0.3712082422799898
EPY_O_01_P4,3.487260337367989,-5.356695201825517,4.966839431096447,1.225919056564708,-2.5758114255317777,-0.16100715911665237,-0.5293483292393051,0.30338081235974435,0.027868424229036414,0.6197312711938618
EPY_O_07_P1,-0.8186692051736704,-5.330191330068903,0.4959491403921093,-1.8078671796311983,-1.3409472985579167,-3.5217600563664613,0.06147502077132563,1.0189667075498452,1.387880697672449,0.21518274555854966
EPY_O_07_P2,-2.6093216072004455,-4.194180680008516,0.38712927249414036,-2.001668295838022,-0.07364338734162638,-2.4329373024082006,0.06496451433357608,0.9400424486620788,0.879865801363517,0.0036680726535230266
EPY_O_07_P3,-1.278687228267083,-2.9752172626640268,1.2227945631970816,-1.3346363752418888,0.121434215948176,-2.2606583487839944,0.17794599500831737,0.94127892450028,0.6181904486381812,-0.01817132741470011
EPY_O_07_P4,0.38864543851424876,-5.553662277612553,0.47795234899045774,-1.821373376421557,-1.9661090720372252,-3.2265106682155396,0.028199112273475123,0.6172232572504158,1.1344520581558903,0.18915224253718937
EPY_O_07_P5,0.26118762715858884,-4.1967165939517574,0.6129605465688701,-1.6807038690754283,-1.3248345302770983,-2.7968798789487006,0.2651137335815211,0.6633907521826314,0.8272138879860544,0.07662035720200903
EPY_O_09_P1,-0.11601507579214941,-3.3938302438077854,3.077188281265873,0.6404477135721344,-1.3761882726297108,0.6496920369780741,1.1620683697320673,-0.38028076760805074,0.41702590846496174,-0.31552395604443656
EPY_O_09_P2,-0.14017870746112748,-2.699195959640994,3.4877427421360956,0.6334006795564677,-0.8126525819137701,0.5256084293592567,1.1613794385102179,-0.44107454932079865,0.4701937394620635,-0.2849991576446507
EPY_O_09_P3,-0.05779320264871654,-3.9428617388476925,4.1956883459763255,1.4935734541624337,-1.4303949675909315,0.14444351809839015,1.3464689578623477,-0.9505824769181593,0.5565705098715727,0.0004610526102901598
EPY_O_09_P4,-0.10922370679585462,-2.120539485659304,4.752911900038084,0.9753555500964249,-0.3759187942032294,0.16101481256262998,0.9696113206581427,-0.7755307263250247,0.7114406125844381,0.11819946415584236
EPY_O_09_P5,0.10734764512674397,-0.9684908942984443,6.0414290740973176,1.46735857362724,0.658846955530801,0.022506981977093832,0.5646714782916364,-0.6762491787923233,0.8672616577408735,0.20781310702430875
EPY_Y_03_P1,-4.041742889647947,-0.9833977415591686,2.0080820217716466,0.8063001859024908,1.7905907660029003,1.4793556008351143,0.49568667756256235,-0.3697838948269595,0.636831905201614,-1.074635911144051
EPY_Y_03_P2,-4.491821710862213,0.07610612749511128,3.4743823424865576,0.9560995313871207,2.5838909894765703,0.7521570049258338,0.187382102037062,-0.20514834197424453,0.931768458237177,-0.7057396155091166
EPY_Y_03_P3,-4.7143771077815435,0.787321354897869,2.9100756587782888,1.3080304000691014,2.4581773111213265,1.2732513905729443,0.18133000256864668,-0.36813574138328753,0.7985926492750166,-0.9267965728182183
EPY_Y_03_P4,-3.492245142551834,-0.7056972426003556,2.5585042454284643,1.135722557991356,2.1029679429129398,1.662948119916546,0.20979512477360568,-0.22012215957268838,0.5533107233186847,-1.1210824262824244
EPY_Y_03_P5,-3.5804499054780927,0.48644863975244484,2.8644515009509757,0.8596727838054627,2.493754562409797,1.7135369594637473,-0.16837610132599437,0.313682239430058,0.25821074798786486,-0.985046448227656
EPY_Y_04_P1,-7.916557984759628,4.152332924192123,1.7374047622092554,-0.8864319258105812,1.5320876091475866,-0.5298365577556536,-0.8469077350495631,0.012805705808020096,0.3732049743163722,-0.623869000866983
EPY_Y_04_P2,-6.874240864817807,2.244486771615402,1.1113807520762038,-1.8885696946224801,1.3803641128319841,-0.30586304685898913,-0.5085260702453519,0.7214557020853204,-0.1251906929746935,-0.3568992731662929
EPY_Y_04_P3,-8.314319158774204,6.023777301053147,1.5884546104132424,-0.9584804238823014,0.8172920048921513,-1.107899972954564,-1.1344725071937907,0.09206649292896528,0.29155485287176014,-0.9416549699236849
EPY_Y_04_P4,-9.370027656664925,6.828115947524916,0.3463468801027533,1.2696672859879954,-0.40985455436302176,-1.0518679941722275,-0.7676812843992049,-1.5118680244561917,1.014344922293256,-1.322308953967486
EPY_Y_04_P5,-9.049978717223812,5.113488806261507,0.3196064668297172,0.7129205951538035,-0.10046907935295848,-0.5549131580563946,-0.6983778640517246,-1.5046247133964754,1.0437657621129348,-0.5895666939847909
EPY_Y_05_P1,-5.998077007526054,-5.849244534957873,-0.5876591839020753,-1.6370934322604098,-0.8656484962910884,-3.801078902958121,1.7562810142047145,0.5943606497626667,0.07436606538221241,1.1144014919369372
EPY_Y_05_P2,-6.447758463520075,-4.4210979413552,0.045722965808296434,-1.2514891792277227,-0.45015861428753196,-3.6466435061754763,1.8171615622084956,0.3940898251152251,-0.005913254297015668,1.0713149405544016
EPY_Y_05_P3,-6.825203110840539,-3.9080944808912017,0.51531010054696,-1.2901298470728584,-0.033301495273668026,-3.236963965050705,1.7461233656924595,0.178992781727684,-0.1837288956000805,1.275713166482856
EPY_Y_05_P4,-7.019747316145882,-4.190877660169201,0.41320464206880925,-1.2208467244799117,0.03522777392792221,-3.4410754291975034,1.9805903317276492,0.05728066024903166,0.18580545096202114,0.9815095487747484
EPY_Y_05_P5,-7.892678359762684,-1.3487309998451218,2.2540075925335543,-1.0032416479376942,2.103031868545923,-2.740185990765249,1.2496432590717659,-0.36779621007175406,0.38574004825401437,0.8535461292801365
NRM_31_P1,-0.03913729372674546,-2.515972298790494,-2.582259524496968,0.662816224340877,1.0397411879111433,-0.5204189814157166,0.42593465094847693,-0.020120758247813342,-0.5194130579989341,-0.7919053328665128
NRM_31_P2,1.908530447834647,-3.692818085833326,-2.1260012569299302,0.057940180839262355,0.18531486810435746,-0.8468990096885846,0.32906843684832254,-1.1071549417937774,-0.5814251447139939,-1.1858034670309352
NRM_31_P3,1.1754918825556537,-2.785833500760903,-0.9579366128851207,1.232316865656277,0.5252947636234997,-0.15258709419793318,0.8735024545371485,-1.0035768893343082,-0.602942553439201,-1.5032930498929022
NRM_31_P4,1.5394523312915338,-3.1467840060126515,-0.2610555517968185,1.3149019708779626,0.5811578930707798,-0.8070043231449017,1.1152682258644917,-1.227413087684369,-0.7822134591225323,-1.1702355110596476
NRM_31_P5,2.2120142715752906,-2.16623763693307,-1.1928480055306614,-0.034218409029936954,0.6515337392633738,-1.3866050650628734,0.3240129461898053,-0.5164605093318119,-0.40581642800337403,-0.7350821783910833
NRM_O_15_P1,-0.739390648532923,-1.4850429153419822,-2.470464077329338,-1.1093023631258228,0.9293473387213264,0.2351236415329749,-1.330489835812305,-0.17150535720885432,-0.9735445627811471,-0.01758326598989044
NRM_O_15_P2,-1.561504160117899,-1.2338690801994197,-2.6948481767233035,-1.6937775987102588,0.5677689900038405,0.26061924426510796,-1.528742347420219,0.025983202137361557,-0.9588039320519383,0.3437886958573793
NRM_O_15_P3,-0.26558632525544495,-2.5749959954055455,-2.02206812111497,-0.7920846995900167,1.1688786027969866,0.27438083301920396,-1.4372606988900873,-0.48744138712244606,-1.0683392827270752,-0.14878158002587955
NRM_O_15_P4,-0.27332019223510334,-1.8813217322840454,-1.9049766944906188,-1.1212943219559381,1.0344120163912538,0.12155964864800411,-1.3920976996447199,-0.35163444217169965,-1.0415740767259118,0.008389105284719624
NRM_O_15_P5,-1.3360373986066467,-2.7407230538909033,-2.3242863286876387,0.42184138227324947,1.0832592732734472,0.9088835439005907,-0.9560856558940686,-0.3745916287886537,-1.3113007406692807,-0.008805047449206007
NRM_O_19_P1,0.2816169901304894,-4.683395666171355,-3.758244952329634,-1.2142428584317435,0.013563647856881435,-1.273650258895792,-0.2603511260980186,-0.5095970521730401,0.21962776860864902,-0.9125055813342923
NRM_O_19_P2,1.443838378544086,-4.005021425008455,-2.281973576241844,-1.1542209534013703,0.029304386193521277,-0.36507440100639954,-0.47382056955670154,-0.6301844867813797,-0.03910570497705701,-1.1362399201196918
NRM_O_19_P3,2.6044287894592006,-4.327936893951234,-1.8339639433642654,-0.1399436195810283,0.02205526283095144,0.40827153633993396,-0.7504019651555903,-0.6603608983071844,-0.350924974227408,-1.3538901186459407
NRM_O_19_P4,2.2630421247330803,-4.099379659227267,-2.46138841706028,-1.3611362264647051,-0.18251272075810063,-0.1772479544197718,-1.0146872567206475,-0.34419115784937315,0.6009419553819862,-1.156492901973591
NRM_O_19_P5,2.578630207045066,-3.526767171136143,-1.074594817600225,-0.9410838936782879,-0.16810308861543571,0.7261860671925451,-1.30148803048722,-0.2784464391946628,0.3393637763169713,-1.1346228249156172
NRM_Y_39_P1,-2.1508888717378136,-1.611437559137418,-3.5754970403482127,-2.5067981799806702,-1.199447088741355,0.43240831161954685,0.8692647255979603,1.0464689503760254,0.8601495139757445,0.18726583313355608
NRM_Y_39_P2,-1.844639102120096,-0.6516890468336953,-3.037084490783557,-2.056389227151549,-0.7823691872786325,0.5492990606219325,0.7727327731820691,1.315811816786467,0.6468783556399186,0.3260774416269043
NRM_Y_39_P3,-1.3643984928237152,-2.9828441363910603,-2.124046908061827,-0.8976067296950834,-0.2547947179985468,0.7953788687820277,0.9300811746858674,1.7867677383970186,0.6492196893040375,0.8279952618083342
NRM_Y_39_P4,-2.898444030368737,-1.5272710658511974,-1.8998405502543674,-0.2700616297494497,0.010702703510835082,1.0000464009648564,0.7687317243299857,1.8529120133318822,0.7958796448038091,1.3048658749865782
NRM_Y_39_P5,-3.681918095006035,-1.9589798337907247,-1.3400881509826832,0.8450029409492077,-0.20832756982970688,1.5564722676880065,0.7766273444511411,1.6399739804166722,0.9316298172913758,1.8897136776586596
NRM_Y_41_P1,-0.07858300208721117,-4.825090158938891,-2.116585901365627,0.37324977015386984,0.21088633242759205,-1.1859474624333424,0.031719775086280516,-0.8252699146552422,-0.9778434122242489,-0.28617571884889387
NRM_Y_41_P2,-0.6982266309347076,-4.474341848204761,-3.16087210547141,-0.2752502231196427,0.17122796961748574,-0.9477521946387779,-0.13790104098321132,-0.6954241773934847,-0.7240472184377509,-0.4160810096477612
NRM_Y_41_P3,-1.0136514729092703,-5.054408560575002,-2.404947478746392,0.26052738649653,0.27470704218167563,-1.0052522961729027,0.1774847018839155,-0.9876328039284245,-0.8124320634548611,-0.5453327985388056
NRM_Y_41_P4,-0.8877356577200418,-3.8079643758529707,-1.9502045017864051,0.7346625376076784,0.7000937302088455,-0.058338900032731116,0.19753357813666228,-1.0843352609605539,-0.9999050244991532,-0.9269302908660627
NRM_Y_41_P5,-0.9184576947796876,-5.224547307813638,-2.339553357087835,1.1375459201418723,0.45568294313461183,-0.13661055248283116,0.4882964290820468,-1.1785174103653333,-1.0768284127431593,-1.1672775060795972
NRM_Y_69_P1,-1.7240270478132573,-4.3364261146953185,-4.204266417368391,-1.036071152683395,0.3731491551522763,-0.5723138626622836,-0.21609893640939173,0.60875377374005,-0.41540583255389674,0.02131374689822406
NRM_Y_69_P2,-0.606126380562732,-4.7711619542907755,-4.029820150737486,-1.3842545751890296,0.042183828313771925,-0.936055393063356,-0.4426561478564424,0.506786197152622,-0.5411330617905741,-0.09245770955917826
NRM_Y_69_P3,-0.4963837098087458,-4.980556454369453,-3.6371237347850913,-1.0570763113416553,0.24894779216845067,-1.456596421789666,-0.3635920519109868,0.5506204621821997,-0.440557258464894,-0.15488103597806802
NRM_Y_69_P4,-0.893788547096125,-4.1962574237909855,-3.719991633758155,-1.5004622547004438,0.1389761842556251,-1.2598320840377233,-0.43776647545689107,0.4846281160332446,-0.5913407999409718,0.24779644495737688
NRM_Y_69_P5,-0.22570088260420537,-4.977541047395262,-3.3601586328809883,-1.3841723074074623,0.013325421093608316,-1.870864694788735,-0.285708218646046,0.15397715437744489,-0.4585002743864304,-0.10616123627498118
NRO_138_P1,3.4212456933726725,-1.6601097660459372,-1.1985760474396523,-1.2728630927446307,0.4002704125376726,-1.1985185328957844,-0.7650493135733804,-0.9896846786566483,-0.15728963958527226,-0.1353809301710762
NRO_138_P2,3.1931636539169777,-1.8187045779861646,-2.120263920555167,-1.1904366408524814,0.35913085537722667,-1.9761244994034186,-0.46038845477009865,-0.9782847740114887,-0.3424248748587117,0.03316921394689602
NRO_138_P3,3.157273435908953,-1.6540961700146166,-1.3258891248901832,-0.06457793342574072,0.3843019919339248,-2.2388262967946755,0.3404266547348959,-0.9111075278134609,-0.4657069724377434,0.12138973631355468
NRO_138_P4,2.1565718349585037,-2.3706937799157806,-1.6206884899645049,0.5206628392374308,0.4759839363917225,-1.6894806240842564,0.4211580896928559,-0.8680826643432579,-0.6067122898392958,-0.00911498644628432
NRO_138_P5,1.6636783461075177,-1.1227650726775924,-1.7976822574950992,-0.533756387438585,0.37735353046856307,-1.244048003563816,-0.09662233589564935,-0.7036192462791977,-1.1465559967966437,0.3807975569434346
NRO_174_P1,0.8373266984903821,-4.243944419159593,-2.903487845679879,-0.5697765310170599,-0.17555687282780363,0.3041890127866768,-0.7527735654850397,-1.4817282131025304,-0.3578673583905536,-0.8436117686457083
NRO_174_P2,0.8890525576573962,-4.331009313225707,-3.501472071999052,-0.9035950952643921,-0.1833408405003215,0.3411300177598649,-1.0136080510159056,-0.8651638139620239,-0.23006729198329662,-0.8563340374776753
NRO_174_P3,1.128756310445421,-4.545021883529395,-3.8917633197801424,-0.20232446364310674,0.12296871512552165,-0.021852127303667663,-0.6825346744819756,-0.20507849117679067,-0.36981235630539344,-0.7968652312425314
NRO_174_P4,-0.3420012094995362,-4.135802185547694,-4.259491662150901,-0.9944527552089448,-0.0917430893208963,-0.3301341261736193,-0.5708944315233833,-0.1758082455379069,-0.532259178465756,-0.1635781954546635
NRO_174_P5,0.4984128598042954,-4.9216989893418575,-4.271695814620784,-0.5727970646004108,0.015667238254804816,-0.758645801787903,-0.7557224894079693,-0.33843822632488124,0.02096414964969296,-0.7114498705984288
NRO_190_P1,2.8633909937648756,-4.837644043854351,-2.273972627103131,1.0183202663734885,0.22425446875088828,-0.5212895290698518,-0.7018005189810071,-0.6512465927360892,-0.5040808763709076,-0.8323549943320226
NRO_190_P2,3.0856466962735003,-4.410451266163188,-2.121796144795664,0.812114197413809,0.21057941208984005,-0.2084186681694445,-1.0458361259362212,-0.7615362393610694,-0.5639939807267077,-0.7131149363320695
NRO_190_P3,4.772871080426884,-4.065038319085186,-2.2201084352952796,0.32640724618902184,0.47090478009443376,-0.6537062000490481,-1.2475871392233213,-0.7163800790088916,0.12423464805022419,-1.1799983247286838
NRO_190_P4,4.388431487492587,-3.447190511902471,-1.9000885793687847,0.6535585216942186,0.5938226888758509,-0.2986827730079933,-0.984863936098784,-0.44567698897703967,-0.3884211938970139,-0.8062131636851563
NRO_190_P5,6.071670599081154,-3.259878283813874,-1.626877261701642,0.27593765462259506,0.5266053914618691,-0.7290167049367104,-1.199347329827568,-0.5545599962794265,0.29423725618738733,-1.0009974070419656
NRO_52_P1,5.277951872453057,4.093986166416373,-0.5173120697572211,0.2201329771888747,1.3461179244952715,1.3127269588282597,1.4513020762723556,0.11592233850252599,-0.03963250161714431,0.555482353533704
NRO_52_P2,5.621329068177968,3.732954960349296,-0.42756858291855326,-0.326325712883633,0.9404266916428385,1.5498918011943585,1.18120313152754,-0.1768623205997954,0.07375808988137353,0.2000603080452504
NRO_52_P3,8.187849654556626,2.583827561007113,0.4177411682449361,0.672827374007869,0.9072502116797577,1.4956143426978972,1.5167798280839,-0.6384766920199075,0.49415766593158306,-0.03268247625734445
NRO_52_P4,7.963945798924341,4.676195386536123,0.07118220704289892,-1.3764524801246303,-0.08656593099761903,2.0049622495460726,1.2175961965976063,-0.744346350548322,0.3122647445138457,0.042750385036363144
NRO_52_P5,7.595985653825307,2.9970620137505435,-0.5015213797796589,-2.4805869343616327,-0.06114365756966643,1.4655077320185568,-0.4279903602732048,-0.9301747264528787,1.2122032151849542,-0.3494312140830235
NRO_O_56_P1,6.481703071304203,1.238176174848213,-1.1951574942722758,-1.2315465224852165,0.9027110661329867,0.41403643255664024,0.1839555996561541,-0.28274285071432076,0.8958602970518871,0.01138557430205979
NRO_O_56_P2,6.77785389308218,0.39900797563573015,-1.2747287613195837,-1.0421336978636744,0.4070410542101253,0.9033858260494372,-0.24283179413981978,-0.7950441971609927,0.5643835780788383,-0.4309560174327731
NRO_O_56_P3,6.999353675735453,-1.3022796832772958,-1.1747434013817142,-0.8305323707215523,-0.15561336963843328,1.1915775436553606,-0.708318248769944,-1.3584311585506628,0.7132661550320244,-0.8247951112111701
NRO_O_56_P4,6.120741367716119,-1.9212362659147726,-1.1480644188378961,-0.3311030154048975,-0.20069850370803993,1.1667967582884247,-0.9145735630141577,-1.5958729324566994,0.3170325925014222,-0.9269708268451196
NRO_O_56_P5,4.959346454650233,-4.12723263718193,-0.8145442770586508,1.1687965142210932,-0.3879616181343786,0.48698872592785636,-0.5256375008164204,-1.9545834497416996,-0.12815910507991893,-1.1903654873694278
NRO_Y_82_P1,-0.5734713140960733,-2.2158505866565306,-2.7991704358465137,-0.7142232284416492,1.2117513123048957,-0.18530393444933982,-0.7134924214285887,0.06537755479225042,-0.35258441850473254,-0.44628495331763485
NRO_Y_82_P2,0.5121176492856707,-3.4651837873928777,-3.6989637711837133,-0.6343272303402638,0.06840072709967762,-0.4051346739085767,-0.4971188980615573,-0.5713984735176643,-0.07754588239081878,-0.4444535297528212
NRO_Y_82_P3,2.2513124990247233,-2.0080315922243592,-2.1883058219214386,-1.4716453904661222,0.34068187510270626,0.5273566182939534,-1.5646485938774812,-0.3949010477488231,-0.025157685334558564,-0.46004134364569776
NRO_Y_82_P4,0.9260597521089484,-3.6293969081988835,-3.491624240312943,-0.8738185910285436,0.2128177435404545,0.2542929469263707,-1.1936143265195838,-0.42128252593615806,0.06412875263229413,-0.5159169010016882
NRO_Y_82_P5,1.07325992387395,-3.670147431940384,-3.3032202132594812,-0.7522623843578361,0.3521654100604328,-0.04686412300465392,-1.0598931994319183,-0.4532668960571732,0.11120403508082029,-0.8320272490533673
NRY_O_14_P1,-5.907282180677876,2.3840529891327757,-1.1824126036781424,0.11194077040760295,0.8635574826122875,0.3453987236189165,-3.434998443472059,1.1222001696264183,0.2666297399404028,1.9973981875293534
NRY_O_14_P2,-5.674595893659196,-1.567710748309081,-3.708994858178551,-1.4154984057799092,-0.5529673150519434,0.27280638975852134,-2.0007124028926477,0.6794571153422186,0.3963444400548034,2.040819341352269
NRY_O_14_P3,-5.52384140487994,-1.0603059586254695,-3.684405072904524,-1.4858491984724291,-0.8392783487630123,0.4715491914188592,-1.9457259148961754,0.32616072398635404,0.3207695997367897,1.3932914988184262
NRY_O_14_P4,-5.615484362204232,-1.3702238231884556,-4.258971072801629,-1.080779544223259,-1.1737463170629046,0.6504615535376699,-1.4867991005212615,0.031253602757186,0.5732600241888587,1.9993193202566117
NRY_O_14_P5,-4.921329052774434,1.6195745910270058,-4.031638783177589,-0.4686916442575962,-1.48156995391403,0.2731888452371989,-0.8378532752091857,0.3366915421450964,0.2132644171829889,0.7728410353317553
NRY_O_20_P1,-5.79562739242296,-2.20523558428747,-1.4279855749532446,0.04267638337595775,0.2840059710026994,1.2905718254701923,1.057527479323824,0.2870661948376188,1.2900379167916167,0.13147957579251962
NRY_O_20_P2,-5.503795405986566,-2.525230120888734,-1.759366324175976,-0.10617075038098436,0.49518138953461804,0.957879737155071,1.3571187535637916,0.7188191135084235,1.184600066529516,-0.365776717120701
NRY_O_20_P3,-5.310491515996801,-1.4044211279415524,-1.4433548766266862,-0.5463782322874475,0.9105984999446741,1.0519311600047367,0.7428156104266145,0.9108280310139605,1.0094632564863013,-0.6117603519904851
NRY_O_20_P4,-4.937243527401341,-2.5242781602337776,-2.0344814794620083,-0.3845561872285382,0.3153294526408855,0.4241257759506412,1.6447002678593305,0.7749279700238378,1.1369229366054594,-0.6169189997209501
NRY_O_20_P5,-5.103087668296842,-1.3918557529368294,-1.6918572127998839,-0.39335092611450173,0.5993811376885831,0.8339468880470935,1.2487737560135745,0.8842115153858048,0.8073432876183547,-0.7101931913639459
NRY_O_25_P1,-2.9975649724545512,-5.467794581110488,-1.1683238374527878,0.7922396501467354,-0.030151291218458328,1.4286383109944927,2.0751092283803136,1.0654480913115265,0.795879800144718,-0.7127808794891832
NRY_O_25_P2,-3.6115610475149023,-5.541832948306362,-1.542429978563983,0.5247953984147583,0.1650960805673193,1.6207259492968356,2.1951604330091037,0.8453204430436734,0.9758554594682773,-0.3992838313011749
NRY_O_25_P3,-3.516595673265287,-5.519825627839851,-1.8241545622334399,0.7392060154778479,-0.1713660559584626,1.1432627742001182,2.457287907869791,0.8144954591207424,1.2220324374615699,-0.7267564436276059
NRY_O_25_P4,-5.20597835758126,-2.3148543433379603,-2.6014432688198847,0.35560365584727055,0.3728208492154923,1.7521290200895776,1.3745226195420466,0.5834561552436462,1.2121503774219418,0.231526202032946
NRY_O_25_P5,-4.408133986809942,-3.1023571536921253,-2.029751502883258,0.3665885083627856,0.3323356780105953,1.9209818561652143,1.5949835136845019,0.7348359097836111,0.9749685201275144,-0.05478053738928284
NRY_Y_03_P1,-7.320082753503491,2.591374998129329,-0.2723688712668529,1.078016251640301,0.40063541122603075,2.3228003771500254,-0.13204927819316856,-0.6011607821616674,0.8715783851144977,-0.4563661823070505
NRY_Y_03_P2,-7.245981661992427,3.5174709522266197,0.10426567298418365,0.8768812768480223,0.5176538490379826,2.127088451636877,-0.28101338664257874,-0.3140322026758956,0.5680157322658392,-0.8918383374415364
NRY_Y_03_P3,-7.126996979825528,2.720364278292945,-0.12273758770469384,0.5814294833755821,0.9464686312807933,1.5980879046454264,-0.3821336560666755,0.30831342161001124,0.6061456023671797,-0.5648681613998866
NRY_Y_03_P4,-6.748362331367779,1.002839081705945,0.04679786339008569,1.2191110871482804,1.2043285282742704,2.133062220002563,-0.03775141169374514,0.6222180609903084,0.6951847227561136,0.06355530053476904
NRY_Y_03_P5,-6.109826799918122,0.5899341531301685,0.22082190231641083,0.2365067624941683,1.5641857638483074,1.051036368488817,0.08025487864816014,1.3301396256860485,0.3230398292703794,-0.5679924832545328
NRY_Y_12_P1,-7.395189561370752,1.4392431211966414,-0.5326106121437298,-1.4659405782876038,-0.5348280784274543,1.0794613904558357,-0.4416489232732254,-0.2074082578082957,0.08886555432123656,0.4900300957502832
NRY_Y_12_P2,-7.253410985225316,1.9484050635738113,-0.22658838088792257,-1.6778386843228617,-0.7169666230995355,0.8520475947129413,-0.1548731960695946,-0.5336673992139568,-0.03343460125569224,-0.08439682138225638
NRY_Y_12_P3,-7.215795066257008,0.8032436722494039,-0.39636352801203395,-1.3304576885389447,0.2516011559359226,0.661439658211053,-0.35225717319334715,0.02454692896217537,0.6607780079837208,0.10721123566722343
NRY_Y_12_P4,-7.020705103503365,0.16811607914086682,-1.3101329411880478,-1.7815659988070085,-0.5199922951768855,0.946426339020281,-0.011232966141793144,-0.00043809897493522396,0.21472667944749055,0.3461045008325789
NRY_Y_12_P5,-6.573984888527445,1.0596194230345513,-0.11210500903637924,-2.0523886886543194,-0.3817069571401196,1.3250081950376453,-0.2633995797464588,-0.25832221043245795,-0.3780270689864106,-0.03142663248539563
NRY_Y_15_P1,-9.376547986041194,2.199354997512385,0.05865049814341983,-1.0540646083602891,-0.46088540982756243,-1.2171944941509227,0.8589929918179077,-2.5008367352379786,-0.35363575227900157,1.1950699676215246
NRY_Y_15_P2,-8.878047367052345,1.9257762842895474,0.5646808360656537,-1.4213312119779953,0.6089139045169453,-1.508424482285206,0.7592603738007804,-1.2847770847506614,-0.672426076034774,0.7878391883728255
NRY_Y_15_P3,-9.009174657340402,1.7076878418810024,0.35839731460844354,-1.5898828294408667,0.3377507189519128,-1.5512389056847533,0.7191437175961796,-1.5468871120129628,-0.5177592136432698,0.9534036628298369
NRY_Y_15_P4,-8.639362028095166,0.745774349343416,0.4807362700119833,-1.274672282308855,0.2681959460464312,-1.2289130500724552,1.124750694618805,-1.578481239897275,-0.644681425593927,1.0113212824554227
NRY_Y_15_P5,-9.268718429152678,3.0462103144385324,0.6552347065318062,-0.4560265401313556,0.3794095401722509,-1.3829898781544498,0.6715260208186975,-2.0542466311919187,-0.3048023035907205,0.7238041549922817
PPO_O_05_P1,1.5902724352026012,-5.20078684264291,1.7625933335490598,-0.2833855495617722,-0.9399013770786082,-1.2447687897139141,-0.654706866074654,1.166639942382779,0.6902916838838592,-0.19131417736378709
PPO_O_05_P2,1.8018856516318655,-5.06431252948062,2.8441170241106937,-0.049345559176731606,-0.24229129582616282,-1.7746353524392364,-0.9980125812461708,1.4886919923659008,0.9377833405693523,-0.06717311248341325
PPO_O_05_P3,2.6772267505901577,-2.991982145397609,3.516736004866766,-0.20400289688286238,0.4400869801675607,-0.9669902114569556,-0.9455931723680417,1.255276421650212,0.5196196732521784,0.07727897510384672
PPO_O_05_P4,2.755456852794098,-0.16643664412062628,3.6380322877396116,-0.1425829599037027,1.597876891285778,0.07902017346365663,-0.7111173271396315,1.6562494097633613,0.15398979692243497,-0.14703475995196272
PPO_O_05_P5,3.0268447757520267,-4.942062848846529,3.274871023971731,0.6479567007379311,-0.8266084536195281,-0.8698413331236042,-0.9561469617237226,1.1236490567605208,0.6729937633958789,-0.17669667462970862
PPO_O_09_P1,4.994473833663273,-2.223240809786355,4.995374062266072,1.071179330502297,-0.12717095741167336,-0.6586364091987017,-0.6581992588810884,0.3602821172365456,-0.807991769133307,0.6888002329034747
PPO_O_09_P2,4.697526734555037,-3.272198773903216,5.168076254399785,0.8537021689497164,-0.26012234045755367,-0.9474489595044043,-1.1932905050887237,1.203182576377007,-0.15474895789502957,0.8408856556012191
PPO_O_09_P3,4.947083306826817,-5.622304072441949,5.368683098562797,1.7579201510780311,-1.3555569870821993,-1.9760470195808788,-1.4607200412231873,1.4125739415634642,-0.05098819010212803,0.9088603877381688
PPO_O_09_P4,5.041279033164173,-5.194067253279917,5.301001224382608,1.2431684900564506,-1.030889305672778,-1.7620402759565197,-1.663604290796329,1.2707909901217929,0.019699004095156066,0.8699926915566729
PPO_O_09_P5,4.743065773707033,-5.512688096442229,5.347967668057113,1.6371036424420682,-0.9826851705463442,-2.013539472602175,-1.504082216147239,1.3799304932319008,0.2547555481997364,0.7515850565553901
PPO_Y_07_P1,1.6807536826720215,-7.758863598991917,2.9455985705841976,3.101404044278597,-2.775514023381367,-0.4122351719329089,0.3125180922202559,0.3649500113546464,-0.8439528063409535,0.11572357670725048
PPO_Y_07_P2,1.8681359094887955,-8.042083998266955,2.84524638943619,3.1324507052996706,-2.9928784508019715,-0.33880796650595707,0.05308318995456699,0.3452189281935138,-0.5894128415645616,-0.01914683028402737
PPO_Y_07_P3,2.307587568366762,-7.696158638569851,2.9402722863518185,3.084428862463931,-2.7446001471439847,-0.4656927219495067,-0.16617250547077062,0.4543187325728344,-0.24016033307505016,-0.09466240652966401
PPO_Y_07_P4,2.2225189853742906,-6.65684112062593,3.284584201281823,2.855588718173421,-1.7143550939497971,-0.13749032904529077,-0.16882552873256115,0.7122503965389453,-0.41040526023593427,-0.21487547068782292
PPO_Y_07_P5,1.824964908066277,-7.985141203908465,3.0650982406513787,3.3523503635683354,-2.9477902462190264,-0.626590786487541,0.1472343990454313,0.45701781886547205,-0.5823496776634056,0.12545001993372684
PPO_Y_09_P1,-1.5714058034196488,2.1522684990720777,0.8456660271290999,0.44147237455278576,4.079749677586726,0.16759295199854263,-1.7062106121454645,1.5411271173003636,-1.2892912047562803,-0.7054964665487291
PPO_Y_09_P2,-1.2221586544306868,3.0441324072595815,2.3015676048355362,-0.7150207667453478,4.236626348405438,-0.6474390168470926,-1.8308333737601785,1.6001108671070203,-1.0107073266472206,-0.14364970796920182
PPO_Y_09_P3,-0.5342676240225533,3.6214375926166276,2.752982670880946,-0.5752904258591756,4.1221573636569735,-0.43234413801183913,-1.6675087788549632,1.522906142636817,-1.2806590219804432,-0.011527883377114943
PPO_Y_09_P4,-0.28511188900019757,3.305177818114586,3.5079049756870653,-0.3844465046267013,4.574822274479441,-0.5749039693391601,-1.705988709518118,1.588825354192596,-0.9940128635147861,-0.030249637080342177
PPO_Y_09_P5,-0.25340069162949524,3.377157012714873,4.461339349095543,0.30337416850486115,5.229019371338925,-0.5655665242002786,-1.8224514206921985,1.6143328700883857,-0.6496098678844963,-0.04838029580018165
PPO_Y_13_P1,0.0074193743601883,-5.3124856043326165,1.1845018916501435,0.42060780158969424,-0.35294662690168094,0.9829210655929611,0.033143417927591734,-0.6071127794642256,-1.679554973883264,-0.37256226224667743
PPO_Y_13_P2,-0.49820891079442287,-5.884849579030462,0.8618795213162032,0.3700141561050772,-0.5790498643152155,0.4655983725477079,0.03981149323059712,-0.2787417866450006,-1.4741318811902782,-0.3595919051940632
PPO_Y_13_P3,-0.062819140902938,-6.136126342127983,1.5643340616536334,1.009612856514155,-0.35528260345244467,0.5508778234192276,-0.2793174556114982,-0.010365863428866837,-1.4775403119124155,-0.3295952055357043
PPO_Y_13_P4,-0.1086592461637724,-6.1173493832704455,0.8058336805772319,0.8369504102594937,-0.3388045624930431,0.6308022797394,-0.3947125244539122,0.09929794623148372,-1.3911005284699902,-0.5191454490568503
PPO_Y_13_P5,-0.02118345152007623,-6.553964398921547,0.7428405233251995,1.1915833478688984,-0.5344511804759576,0.49186895199322433,-0.5847015638194958,0.2137721756344754,-1.3021896197581058,-0.4307173222029634
PPO_Y_17_P1,-1.7508724730240321,-2.351342042089725,0.37111776336361674,-1.1205719817073756,0.793594714537385,1.5402680593644462,0.4013577688588999,1.4024689570328128,0.09335935533505188,-0.8154201848089241
PPO_Y_17_P2,-2.8569134077803175,-0.8159924052490117,0.29024227672310804,-1.3520671054529907,1.5908669340733264,1.816468833170225,0.1923815990042037,1.634171761596412,0.0987157125106092,-0.832246593851918
PPO_Y_17_P3,-1.5363017543515187,-4.248117432221151,-0.6189117211302897,-0.7364725721584163,-0.22388359952765455,1.436232771585113,1.1824956076955353,1.1154389665659838,0.1477509996453597,-1.1078667417304338
PPO_Y_17_P4,-0.8746351627215458,-5.10895167779871,1.0088181217629346,0.5839361932718871,-0.20038602064687433,1.693872632542225,0.5324443385668567,0.9411221348567583,-0.007126589360387627,-0.8968283886016466
PPO_Y_17_P5,-0.9742036636168239,-6.273349972736739,0.2414325862135409,0.20006184764323087,-0.8809842042290164,0.9590388868197097,0.5521765899887676,1.0733388886028277,0.17005983113115097,-0.7679836666667301
PPY_O_09_P1,-1.4745315978241602,-6.598698101026989,1.242331710453005,1.6582189740802313,-0.5815145532930388,0.006039965024813583,1.1525463951920554,1.5649033985756016,0.7037693140721902,-1.1561175591060178
PPY_O_09_P2,-0.9248185723126772,-7.385119120508144,1.44497887279208,2.4166825518991732,-1.5574208381225019,0.6571894824238965,1.0276846011003262,1.1338554236622542,0.21588633154021147,-1.056694986834263
PPY_O_09_P3,-0.4443656415106838,-7.832985982480656,1.490670060669859,3.087933565129105,-2.4866424315920903,1.8402976879804525,0.8499432801507563,0.5783865439064533,-0.6860919620055079,-0.8239987282324944
PPY_O_09_P4,-0.5054296982771813,-8.004025112718676,1.3520225725232335,3.096560750186904,-2.6686415056150183,1.8374151041736833,0.7556779205018169,0.20604577126010956,-0.6342030750139722,-0.8351755527925114
PPY_O_09_P5,-0.6631251460135396,-7.932694899058296,1.4461780983164523,2.8029711374602053,-2.1593870180130357,1.2257864703006163,0.9138119553322771,0.508296108993194,-0.4851674979904305,-0.9914268701498667
PPY_O_24_P1,-6.436296299998774,-0.23766267342894815,2.4877348016622136,-0.47057960775635643,3.7090731018483236,-0.6897038529600493,-0.21537888586182288,1.0022278091458503,0.8861977550817414,-0.34948680244276503
PPY_O_24_P2,-6.729293893402414,0.9045611327469486,2.897688870248408,-0.4855249581622574,3.6440312449962873,-0.3380660700543551,-0.478985948049418,0.6142510986320697,0.92410706401922,-0.35615561966826836
PPY_O_24_P3,-6.691235377118649,1.3013162770007398,3.199290207719714,-0.3698014139270046,3.881598473780093,-0.2365986542194406,-0.5836347407774425,0.6146983894935119,0.8734840428437134,-0.5034085480144439
PPY_O_24_P4,-5.983525823154657,-0.6268918657337301,2.5756184216806806,-0.9214979991035559,3.482819323863836,-0.302630409224768,-0.2881904579273586,1.184787116023747,0.5772324019624471,-0.4491419988726959
PPY_O_24_P5,-6.74501952309923,1.6309986007283575,2.2005075974410873,-0.9412128732533682,3.0172163391195115,-0.38901973840694776,-0.6327582412310474,0.8224946431397622,0.7027498195129434,-0.5856294843352362
PPY_O_31_P1,-1.6389053069431765,-4.870671401401326,1.2264559698455602,0.5475598049849376,-0.18295227392739638,0.11863764958590667,0.33554794545655864,1.127816414015867,-0.25573902521152564,-0.6788236245394719
PPY_O_31_P2,-1.812008474781592,-6.617777118840441,0.7197466130107637,0.45605958596638735,-1.1309367736527667,-0.5769774285339301,0.31814208239059744,1.2040124666587007,-0.05267509286220818,-0.3636498613995382
PPY_O_31_P3,-2.2074151495321384,-5.270930140803037,0.7592125630591188,-0.1707826608844784,-0.3757226020637515,-0.20032000247646461,0.38173656972454434,1.289515317740718,-0.22174958958767021,-0.5212960540630065
PPY_O_31_P4,-2.2136754597109407,-5.450674687765301,1.220023588711465,0.12765830925468571,-0.053044833325576815,-0.7631894051606443,0.45039981289246084,1.5239868990253818,-0.0014035468718811474,-0.5652882953020572
PPY_O_31_P5,-1.7877177078756303,-6.163817436119823,1.4111094748869237,0.8085292088255566,-0.8343920548803297,-0.7641265168038666,0.8480103385954626,1.2341827667457996,-0.08000730950709281,-0.5661789562151602
PPY_Y_01_P1,-6.290703503083535,-3.23014891593977,2.1997394559483596,0.8963004494373052,-0.14962706810741971,1.1432121141018192,2.4828116895522183,-1.6513006162600852,-1.9045909929035165,1.2611472407863125
PPY_Y_01_P2,-6.084131868309517,-4.041334865819792,1.9554924226961006,0.5856881571387793,-0.3396029468397611,0.7338448242296516,2.472479072914693,-1.270576427197545,-1.967990155370306,1.350226635233799
PPY_Y_01_P3,-6.616726826495707,-2.3728731185509,1.4746410560337329,-0.3036754760207273,0.5032838584620247,0.39941724048492644,2.0491400726441555,-0.9538234288535632,-1.9042022801733733,0.8742689742169013
PPY_Y_01_P4,-6.334141317318032,-2.8104831316156424,2.139231955490047,0.03351040189882415,0.43750479946556525,0.8997482946598954,2.1308737472967016,-1.0338006645086304,-2.195106995905403,1.1507611540639024
PPY_Y_01_P5,-6.406257747254128,-2.904639304811166,2.437330891151832,-0.08770903063655901,0.16956524182815144,0.9676266809559076,2.3471603015723663,-1.0491848389471892,-2.270108039867483,1.1476673292352777
PPY_Y_22_P1,-6.615437536299575,-4.866358979895023,-1.0780121492097121,-1.09453982996423,-1.5838708373963044,-1.3540411865399262,1.9443054876255679,-0.2482769089197298,-1.0212710385701471,1.3345110121939745
PPY_Y_22_P2,-6.303869163151494,-4.087630518503691,-0.7073265803788652,-1.157671338723133,-1.1630428927455023,-1.4750604264456983,1.7102720189211884,0.07184448262205045,-1.1152405024406933,1.0389134858196107
PPY_Y_22_P3,-6.400573080864439,-1.1953878349778642,2.0683331127657825,-0.8877554959764722,1.1988928687019629,-1.241462669973102,1.5408534995769692,0.22710788406771892,-1.1562280739939528,0.1869243379485284
PPY_Y_22_P4,-4.658442622738949,-5.536719168936429,-1.513773844427435,-0.3066699987528203,-0.396258044898599,0.9091877963234413,2.2753106460615835,1.2504368001819934,-0.011502277797241615,-0.6178103959160454
PPY_Y_22_P5,-6.1374107170068966,-2.5849869325235972,-1.4756467226248766,0.22701655704316168,0.19787194999340924,1.2572354050775008,1.5289698155252014,0.8525988094400213,0.690466150997841,0.39908213791148406
PPY_Y_23_P1,-8.902911296133757,1.421035213848905,3.0798253441094907,-0.5408272285072424,2.728425441489824,-0.7309314267586803,1.305353256686718,-2.7587741469745706,0.8375929354793863,-0.15737117861115055
PPY_Y_23_P2,-8.685398260992525,1.4415253244561368,3.2355038197165387,-0.7608840651298002,2.9181540530058445,-0.46801081618993556,1.2517144479172637,-2.6558176705313614,0.6321046263664631,-0.20477148581788174
PPY_Y_23_P3,-8.923651030127031,1.864331724723698,3.45409112923426,-0.6635312161997284,2.9177416386214476,-0.7882526784141539,1.1077722611370013,-2.8251382147535375,0.9084908466535725,-0.046321600145075664
PPY_Y_23_P4,-9.16916663305904,3.504374874175556,3.091075678745236,-0.5932870950050657,2.0344610975248774,-1.2241634028053419,0.889496215228289,-2.487190531405183,0.4953519242729915,-0.23425564706682708
PPY_Y_23_P5,-8.569524661759447,2.923518976338365,2.4460637137818386,-1.7234463019365671,1.458505385192642,-0.6342462765193387,0.8739419347700378,-1.764371166478703,-0.6514387234542923,-0.0965875184900714
ULM_147_P1,14.387230524423833,7.096126174394839,-0.31667812129238604,0.5080495252546667,1.7091010630715675,-0.26070852756112967,2.5714662253584524,0.3963443212932598,1.5548101566141845,1.1915172410430015
ULM_147_P2,18.21128066143197,2.6519150794836945,0.29449768416637534,-0.6594076067406179,-0.35779875029328695,-0.05577622897645319,0.5448423347258261,-1.958853835082056,2.6053752003061197,0.4575691403071994
ULM_147_P3,16.084876241724487,5.855316258232297,0.2069250223206538,-0.12116894048209284,0.5287280880835482,-0.09708295688376554,2.348201249335629,-0.6682304555681378,1.2958357916292562,1.0178945755224398
ULM_147_P4,14.683239843839221,4.294576146628716,-0.1223273278244855,0.5308072385884883,1.1094114333990268,-0.19396119851166435,1.694075419372869,-0.22235622826608628,1.493428040436401,0.7327908049503099
ULM_147_P5,13.98384876401481,5.751901354454592,-0.5164932027434629,1.424606409702492,2.101580488032146,-0.3682448709585967,2.157766832228285,0.2930927565154081,1.4289303531306232,0.9938886592989142
ULM_27_P1,5.121136097323141,2.794661366571341,-0.5228510192911756,0.6847878632367533,1.483580503212739,0.18111462060130307,0.3106868095038373,-0.028491041875048816,0.04119755067377861,-0.41383553585063426
ULM_27_P2,2.4316431778364107,2.2710830803264432,-1.6542306804283655,1.4358677091823353,1.4451973799053455,0.46135996203999585,0.5439585220032772,0.09835857531530548,-0.0487728528451055,-0.6269189052657497
ULM_27_P3,4.280949529717842,2.500545422786506,-0.38425432365307555,1.1281356617512952,2.1350698694324604,0.35155167402677884,-0.060236879982122994,0.007681066380411842,-0.07450760871635789,-0.417312117368466
ULM_27_P4,5.1851005497978155,1.3791308143662144,-0.5494552355279908,1.834510034315286,2.124065824592793,-0.9957886806199173,0.30431468475978574,0.03718578850481008,0.011178164050130026,-0.28721931418031243
ULM_27_P5,2.7244191138304545,-1.533069348144159,0.5272595954512934,2.9452193790232637,1.3331716052547307,0.1824521122652551,-0.16504714875698084,0.012398565496555982,-0.16036887798076938,-0.654746771193772
ULM_310_P1,6.309297086767307,3.089387235263785,-1.5185448038477782,-0.2219058626859978,0.9837848410724821,0.3692521278625385,0.492526788215721,-0.00021845003305631463,-0.12775618793972238,0.558490570701589
ULM_310_P2,6.469533835432911,7.393942200590261,-0.18365409417461517,-0.1964941494024248,0.8030707268439039,0.443990636650785,0.9850082439951401,0.4310217992818479,-0.422579296688052,0.6949453165922808
ULM_310_P3,4.807458380328914,4.778246081997836,-1.8988638686965025,0.5382445851821144,0.09281706116591507,0.9354349353836485,1.5255708771607195,0.19590718126177736,-0.5244586665230826,0.5628332859346944
ULM_310_P4,2.101990131432076,3.0456444248789225,-2.554333472925873,1.105699888705442,0.05761036855608469,0.8164747794017285,0.7788973515526405,0.06383609144751577,-0.24344091883147317,0.6580517802327333
ULM_310_P5,4.175677450295442,2.8104397790892897,-1.822880205070463,0.42692656991372957,0.7936496321094196,0.9402600815808684,0.7701593722974458,-0.024982149589118135,-0.2784125236186061,0.3200469883407717
ULM_325_P1,4.020077909830966,1.738323242794466,-2.5532591582011994,2.5347955286853403,1.6475026558406203,-0.4859852585465562,0.08077374017241064,1.3013273182417135,0.3118310086154881,0.5908691778648869
ULM_325_P2,7.966256893725441,4.167294687663888,-2.1430593932954483,0.9061695873041677,2.2050935057637178,-1.1548556127088383,0.36816367970202296,1.6455098371314187,0.3360146844501575,0.8281708025203373
ULM_325_P3,6.081406393426229,3.923010320352685,-2.582594550700005,1.7498144561465436,1.5466040126623082,-0.8402414152726229,0.514413453855572,1.363561804553585,0.24977177228595085,0.6713318700251305
ULM_325_P4,6.737642648601086,1.2942933998062338,-2.357810850011686,3.0128832214951458,0.9194044086962121,-0.5570446926621976,0.781787147497855,0.7167610173650057,0.19997458457882508,0.38478031709774385
ULM_325_P5,6.801436477109659,0.1431957629990228,-1.7397664797254802,3.793159272693685,0.5853845970066296,-0.3691471077748004,0.5771320116053709,0.14759406471708708,0.09216483691802713,-0.10594704662643892
ULM_345_P1,9.133896588516201,1.7852184921096597,-0.379812986733495,3.999400349881009,0.49209212365937005,0.7929627896502777,1.021725496477601,-0.7682876371600238,-0.15897518694551582,0.3373481765990869
ULM_345_P2,5.628023029485395,0.39502221208309574,-0.7247112998918405,4.543257699524065,-0.07446997126022752,1.57552104983887,-0.16419619265598598,-0.6249730298854146,-0.22063191586167966,0.8266434489921338
ULM_345_P3,7.454666926172039,4.992209776372246,-1.9900930245756918,2.6842851241193335,0.9683158067564139,-0.11001822214400807,1.2037940371741516,0.7319692711858594,0.12863105928917334,0.8158589981545963
ULM_345_P4,7.564451712532826,1.4230100938287835,-0.7415654233716195,2.19518671658293,0.7696867212650333,0.20381724190427028,-0.031646690745386334,-0.3702179986828219,-0.3202993184127356,0.5323996450784685
ULM_345_P5,7.936924973577304,1.3211468283762444,-0.7356456068963406,3.310330135441644,0.290256783493432,0.16548639518182826,0.7559418906490852,-0.3693323936589188,-0.9427838715584216,0.7046226078970165
ULM_80_P1,4.529369781801282,0.9598312864586371,-1.7526382460830072,2.3502530831647452,0.12244284406387945,0.27298673103852894,0.18107886911189447,0.4258629168332302,-0.43901271566729655,0.9708343155081524
ULM_80_P2,2.0833821047502137,0.6919387985907475,-1.875758565135815,2.4692664119175785,-0.058452286892686466,0.41681878622109014,-0.3045222220063964,0.49026458408518364,-0.23588941175619732,1.2293540312938627
ULM_80_P3,2.9708230658204053,2.4202153739314087,-1.2771774502527509,2.40861820177074,0.3889079713431634,0.4316991220000398,-0.852226313009212,0.7646548497878901,-0.3544482101255785,1.5035818707770756
ULM_80_P4,3.9435416112567725,-0.3655067008097659,-0.8811611399014841,1.734137859007372,-0.5650211946087512,0.5986271734603691,-1.5815257254674413,0.02405627537464638,-0.22657767272416604,1.5478383046021247
ULM_80_P5,4.131242110502412,-0.13628223576077178,-1.0470692640176007,0.9745537890143477,0.14977500038892505,0.3285036984693191,-1.3390492403234246,0.1312716944713276,0.005680000063434333,1.173706298721286
ULO_107_P1,5.137164846937564,-3.0366808028326093,-0.2891560176848567,1.6894547768205048,-0.015761909197774693,0.5322565221317107,-1.2309852792813745,-0.2935241450234853,-0.4419172661351322,-0.06200692786960899
ULO_107_P2,4.432971405317549,-2.9062405091829833,0.10431456080735363,3.127804263242811,-0.3472919447114661,1.4593325835358275,-1.0489756667788002,-0.05467600385043947,-0.9959022438529042,0.5549499083448041
ULO_107_P3,3.9931776144625597,-1.3810106683427719,-0.07279374911434584,1.9477146790665145,0.07687873500592371,1.3278855632134177,-1.3849825138164238,-0.19323751983910267,-0.5906953104317575,0.6558851175385076
ULO_107_P4,5.609938115409176,-1.8840301222698226,1.0797907299451608,2.0875292456009373,0.1777363917486705,0.3195214089078326,-1.4061250741681812,-0.5429747995667673,-0.7249243043721599,0.7079278618500157
ULO_107_P5,5.9344623348170735,-1.1692783212251778,0.35191531885543226,1.0472120286539894,0.28664041030458787,0.38026270708341925,-1.2881414277212764,-0.5415596521241203,-0.5642549577702772,0.4398175815030563
ULO_139_P1,4.560817630002682,-0.13840413767039908,-0.7397149944056057,2.183184473770383,0.5578420196401825,1.135507627431106,-0.796491254266736,-0.47800177561363705,-0.16793103877737778,0.13682749917722975
ULO_139_P2,5.284767079851541,-0.023022559270562546,-1.1469377957078095,0.9970636595599799,0.6492925378491345,0.7865846867488456,-0.7702961501918005,-0.9257433824465796,-0.17560540593059595,0.1651173837816526
ULO_139_P3,6.970925318097999,0.3463242693535846,-1.599658392550629,0.6578480996845878,1.0476648045183585,0.5962720167489772,-0.08367569510199604,-0.5385148734881249,0.9479452760321785,-0.5820133480951293
ULO_139_P4,8.38910803783006,-2.5269704517109584,-0.699106814880224,0.5876133269946385,0.21670095200918688,0.01567977299680851,-1.3050708914434577,-1.2668567862774078,1.0895235468819102,-1.0186495164686051
ULO_139_P5,5.10629006760616,-0.06631938221896096,-0.43006735819074304,0.594792793570249,0.9364966071463126,0.5109328646486102,-1.6610098117487033,-0.6239732779963436,0.32077176178317685,0.3807431135056968
ULO_188_P1,4.730023855971187,-1.8813904987597752,0.30977140310132967,1.2047246773393734,0.3434842498235633,-1.3699008348991157,0.6151708200919638,-1.3744189175947354,0.04625651490356758,-0.9122262560243666
ULO_188_P2,5.050000276732243,-0.5630761070921304,1.6908790423663014,0.545936535413557,0.4392874879455598,-0.16800749307649138,-0.24511394653826085,-1.2186864330029303,0.045075335549210206,-0.4695310900764272
ULO_188_P3,4.287989130743682,-0.32387510231867206,1.2761141515151884,1.4593785418271628,1.5610566075778207,-0.1927206988535446,-0.2618867963810199,-0.8841859875461042,-0.19478078483504616,-0.7520489422204035
ULO_188_P4,3.179293728716545,-0.3223798432631482,1.5592294523753372,1.3970853188497045,1.4465559959638299,-0.27506654903742106,-0.1600331147201551,-0.6503731104123708,-0.21576701485407498,-0.6117050877158727
ULO_188_P5,2.380737216124987,-0.37777916739714784,0.599742216784271,0.7883661455132606,1.5144935663514019,-1.372377772441708,-0.09195100173068572,-0.6936339222606792,0.30501261832518306,-0.43762720304854574
ULO_237_P1,9.518567200483108,-1.0937144586319099,2.744788829871164,-1.6962623969249482,-1.6882773159579991,-0.36611896743138717,-1.6188923588073396,-1.8249636116629608,2.506960922866777,0.08705244184014785
ULO_237_P2,9.385652542075324,0.8823960504548455,1.7064502466730742,-3.355501134370522,-1.7651650899891242,-0.8781126879021637,-1.1354911819274476,-1.5870001851685547,3.1027001925245807,0.11752234889881992
ULO_237_P3,6.584359357656026,2.7492900846504256,0.705535135311753,-3.852539379971482,-0.859103210826401,-0.37169728151717335,-0.49294456631016104,-0.7411766481908874,1.9204740442088832,-0.15265716695913428
ULO_237_P4,4.160969809680268,1.3900580470881716,-0.7524501030481979,-4.307166513109763,-1.6309876799505412,-0.46701898825050586,-0.5353462577893197,-0.6057048608028069,1.6619583185637261,-0.4248297443440267
ULO_237_P5,4.440433285004002,2.3420543874926087,0.09050511439422261,-4.1144828828075966,-1.1382183623702438,-0.9281045757824388,-0.3889817138489061,-0.7012506801719925,1.4169076754745458,-0.189119752062999
ULO_271_P1,1.8036184343006425,2.5115780128481613,3.052924656919145,-1.7265085661260826,0.030539745781609087,1.948021060974684,-0.46565417973821394,-1.5106955150622396,-1.2543515310790425,0.32605361743806544
ULO_271_P2,2.4577040790668923,0.5042496436847168,2.636160312300352,0.10996611212993145,0.10192367098808894,1.6278476917797577,-0.21555200828452864,-1.1158419418232577,-0.7421100292586037,-0.3410612736605249
ULO_271_P3,4.042468011753537,-1.8256776586750059,1.9125147936570073,-0.3745574909812881,-1.6199606766168622,1.9273357135159066,-0.5258732686552323,-1.3654753726082596,-0.464414204336817,-0.301265059614755
ULO_271_P4,3.582581259568639,0.2999427354376211,2.574108118513576,-0.8439090462818633,-0.6806301467315202,1.1999802951917342,-0.27230367749376705,-1.1734448252985514,-0.44727647579099866,-0.04554040521408876
ULO_271_P5,1.1839342978961345,0.6771399533803334,0.08306783918633044,-1.8929060882553013,-0.5498708286591101,1.446230645276774,-0.4132866723281933,-0.8659814843550292,-0.40666989694106487,-0.5251437415827687
ULY_Y_231_P1,4.827866446278648,11.02477304777153,4.1940381751327935,-1.8398332433030204,-0.39120260630422327,1.061717870380099,0.5246061894237208,0.2858211911705318,-2.3063356808267446,1.1237721083791392
ULY_Y_232_P1,-1.2706183371739403,13.91630957357561,0.12287482702792804,0.9170809759838463,-2.1178452488983166,-1.0427431461615404,0.2813362880090962,1.296092870376735,-1.2759695227387502,-1.7196095068067658
ULY_Y_232_P2,-0.7211486893216311,17.758220761479766,0.4196218557662528,1.4393959327883483,-2.7196365391355246,-2.2141250172237465,1.1937640026893495,1.3641702261776805,-0.4229745111555089,-2.8266972758543325
ULY_Y_232_P3,-3.8734057461496336,14.403370506997135,-0.7864294345405702,1.491684597511219,-3.336998710114635,-1.7179736728540815,0.12997392066010488,1.1316041887984336,-1.424740830855016,-1.6789307571463081
ULY_Y_232_P4,-5.524728045692229,14.518352338508592,-1.3980564975505962,4.38809808583668,-2.5158306547992892,-2.0640001283073675,-0.36499482914254594,0.6454756169917166,-0.4336229465380437,-1.6171601061724088
ULY_Y_232_P5,-2.943546539161946,13.244107359240205,-0.3379321837249781,1.2458739290192475,-1.6048746928909703,-1.1929836067150874,-0.43038100344410396,1.4422138733017995,-1.3860693472763053,-0.8328290525470005
ULY_Y_231_P2,2.285830008310836,11.566844787666104,0.8389747013546733,-1.655443231959303,-2.2182292741920855,1.239420311038522,0.5881818901609024,1.3311123414608812,-2.29081875073004,-0.4051259805796569
ULY_Y_231_P3,1.3489716780149077,10.366630673897108,2.5289839743972284,-2.5870369516317795,-0.590231053460655,0.026591166035728236,-0.15853994910508742,0.18926516272602026,-2.083857972965114,0.27074513322237664
ULY_Y_231_P4,3.224553382873264,9.789224415164957,2.280633086110179,-3.10260813360877,-0.6355731316722676,-0.7049121516864059,0.2622424381345856,0.5199660219019064,-1.500290116740674,0.6331577693966173
ULY_Y_231_P5,2.074328137275733,11.82265602955391,0.9758285983464733,-0.9833570963583088,-1.2318865964098238,-0.5618380605097832,0.9433597026639986,1.0404170187542763,-1.3987936212863983,-0.3974508734886844
ULY_Y_25_P1,5.111729680817035,10.899500361168057,-0.6135997151620395,-2.9507090982865942,-1.398775560853459,0.758434538686046,1.2380161266404823,0.5996549876911164,-0.30500846040772867,-0.43965436970143507
ULY_Y_25_P2,6.4582759679124235,11.839938222217839,-0.019054243028414117,-2.52094647547955,-1.6928303129087905,0.8718684071490524,2.148561166251048,0.6221563370862542,-0.49647536144059734,-0.16832388513189367
ULY_Y_25_P3,5.2388386878800155,9.666151363862825,0.19330637392817968,-3.2820431220639006,-1.4336837053971496,1.086573579158626,0.6649159353204203,0.3274701380347866,-0.5626597462986849,-0.10694226974590683
ULY_Y_25_P4,2.5547313476512947,11.144490429280323,-0.21342776223895954,-0.7051647397096862,-1.1588944426708967,0.7002411533807976,0.9857368025129312,1.7165991160795648,-1.445045380845192,0.29815891694495916
ULY_Y_25_P5,5.678352673966822,9.693508941530325,0.011904078686061206,-2.246080031108512,-1.9987351192111589,0.9438714425805802,1.7225772796254826,1.172788163341839,-1.4851235695207134,0.4574993098894606
ULY_Y_96_P1,-4.4355193074455315,6.748605052602719,1.530548277747965,1.0195187807493051,0.5984928005404118,1.307939646488063,-2.8845263688260125,-0.6826498893960823,-1.5231334607550042,1.4086078507869308
ULY_Y_96_P2,-6.241008767985027,12.207488199858453,0.5931638378042917,2.4787496239160722,-1.220328823411302,-0.8380791891813677,-2.069904440769627,-0.10431495840279442,-0.8819205014425355,-0.7814467584112869
ULY_Y_96_P3,-7.826591017550036,8.683636668086157,-0.49770400257827396,3.196371301604876,-1.4948310639024103,-0.3502233207681289,-2.0045265764590217,-1.0099129241994922,-0.24089179052510673,1.1784323203077445
ULY_Y_96_P4,-8.939494251964616,10.172940611707059,-0.5143286263666176,3.7990478084511223,-2.9750998784312253,-1.0244362572581707,-1.526648230536075,-2.0579433040985373,0.07024302344684692,0.3364217701918426
ULY_Y_96_P5,-8.35052000329127,13.649476673482974,-1.0903565751552027,3.7633194519838704,-4.231340718288657,-2.490479905731619,-1.0308070127995634,-1.564180770041158,-0.503469071544183,-1.6855656790867681
