id,site,mean__chm,max__chm,mean__veg_height_q30,mean__canopy_cover_gt1m,mean__fhd,mean__veg_height_cv,mean__vci,mean__crr,mean__veg_height_kurt,sd__chm,cv__chm,sd__canopy_cover_gt1m,sd__vci,sd__fhd,sd__crr,sd__veg_height_skew
AGG_O_01_P1,AGG_O_01,9.104317908201656,16.276,3.608291835966893,0.5636813873086924,1.716545079242899,0.629294503480083,0.593883840220032,0.5554662238078991,-0.295745735408892,3.0390979961059377,0.3338084221958194,0.2060629531594454,0.1551628624262363,0.4484783554311216,0.1328597794541887,0.8705181156861771
AGG_O_01_P2,AGG_O_01,9.143720462328767,17.18,4.114914383561644,0.5792562286449752,1.7063079179287246,0.5667907087557561,0.5795018779474838,0.5879454825320926,-0.204056852748525,2.9436230224818876,0.321928369815036,0.2070274990615312,0.1669742832579983,0.4916455881432288,0.1295024528500432,0.7725312274937421
AGG_O_01_P3,AGG_O_01,10.808278636683063,21.463,4.482413703443429,0.6315191458248649,1.8442239997113483,0.6073861467840295,0.4561465778046171,0.5661868751187015,-0.2268700508581478,2.9200315279803997,0.2701661963145431,0.1898980463493201,0.1005745766255208,0.4066281695377352,0.1350609287505574,0.8861721463306597
AGG_O_01_P4,AGG_O_01,26.233367838044305,65.734,8.552811497326203,0.7703336552977205,2.0152425723752927,0.6755992760727256,0.4792841605309053,0.5151070400266586,0.3535072609265824,19.10783373842356,0.728378981165845,0.2272895821831565,0.1345531756533168,0.5657547445851172,0.1699702794106983,1.1814713140304225
AGG_O_01_P5,AGG_O_01,33.688302965191234,73.59700000000001,13.305915599484315,0.8196407761218149,2.245092932799237,0.5769810804440372,0.5199997947325804,0.5595986673804746,0.383880991297546,19.93377770894516,0.591712136094891,0.1827431521875531,0.1157555513734366,0.4997732171306545,0.1597668770077503,1.086882129329732
AGG_O_05_P1,AGG_O_05,15.40374948154293,21.043,6.845039278307756,0.6021667985314404,1.767685521840214,0.6049180188153408,0.5637661561803874,0.613287039223402,0.2825119914806528,2.9347003354996244,0.1905185707555189,0.1711928170039965,0.1336778699293495,0.4191461879612047,0.1660662164038536,1.0454885902902389
AGG_O_05_P2,AGG_O_05,14.049664361269324,21.586,6.653523270951993,0.5873266375455102,1.6779320390641017,0.6108832322372981,0.5351411686680072,0.6113188624978625,0.5301247804972904,3.911135537211487,0.2783792862691656,0.2009564429087757,0.1461140670335613,0.4581398120496155,0.1733770585509695,1.1618608235178556
AGG_O_05_P3,AGG_O_05,15.766360569105691,22.05,8.293612073170731,0.6328971044996248,1.6766080149282625,0.5648409854773921,0.5275580919737601,0.6438347576845714,1.145990262930109,3.3283312939224876,0.2111033348079314,0.186701833302857,0.1223131818458146,0.3887178760671359,0.1803394250057637,1.306977380058705
AGG_O_05_P4,AGG_O_05,21.625258286698237,48.499,10.206882092122257,0.8652424327733018,1.9350069621211512,0.4694039894442152,0.4946307727322215,0.6469514115319589,0.9766241817546456,12.404218901129946,0.573598647316958,0.1532092552111843,0.147334522530761,0.5763760416341085,0.1514367877727537,1.2065470609223108
AGG_O_05_P5,AGG_O_05,22.924153048527582,46.912,10.403994276233927,0.8993893829921669,1.9882161023670752,0.4738341968698686,0.5135915434938343,0.6342860059857282,0.5668942894998011,11.139491630360904,0.4859281652316656,0.1153169808665291,0.1372526819741387,0.5313327212081053,0.1453281307746212,1.0972427520978214
AGG_O_07_P1,AGG_O_07,29.333586123436874,51.117,11.193486486486488,0.6254982430915511,1.766415662598029,0.7437571053198487,0.444908258903729,0.5611362126286609,0.3901944591255114,12.577354043499112,0.4287697382302019,0.2302982071180175,0.142170809978352,0.5644596172002065,0.1879717285214669,1.3021606921535875
AGG_O_07_P2,AGG_O_07,6.117288421920065,39.984,2.656804037906881,0.6514546938582374,1.5061074949223,0.4673869524166574,0.405568403647254,0.5885993119134239,-0.0668771357712419,4.182830066831199,0.6837719228413155,0.2239999755594566,0.1105953495551207,0.410703800815295,0.1292989083550818,0.8468229633654732
AGG_O_07_P3,AGG_O_07,5.257545236188952,14.615,2.3536341473178544,0.6388419897340595,1.424577063484617,0.456867721558954,0.5138075662133548,0.5906033586115768,0.0825731091549306,2.7096035138590255,0.5153742653906562,0.2406933205499508,0.1601124165231576,0.4439258803426652,0.1318706841935071,0.8789278126701711
AGG_O_07_P4,AGG_O_07,9.165419891801914,47.274,3.1634175613816065,0.6903563479852881,1.5843080245254977,0.502010531790248,0.4070866338033738,0.5697913867466854,0.1632336846542483,9.481092116772665,1.034441654468346,0.2164716369918457,0.1153948558400637,0.4490960422559099,0.1459216982759428,1.0095888696818824
AGG_O_07_P5,AGG_O_07,19.404320050335578,50.073,6.599335067114094,0.584521286889686,1.5279780545475572,0.7037978715136586,0.3867081261937775,0.5387564716615291,0.4636021235011339,16.72391300440861,0.8618654485715613,0.270404035109984,0.1500671283928678,0.5929517984278716,0.1860972409328457,1.3137252579868248
AGG_Y_02_P1,AGG_Y_02,2.654346080305927,24.33,0.867536864244742,0.4642625650762174,0.9254836432153236,0.493682847011712,0.2748447686044387,0.5153436605307379,0.3610187732028231,2.3146745491264507,0.8720319352100735,0.2864048557297978,0.1160651611329043,0.3908257330895371,0.1345061496305677,0.8709508376608996
AGG_Y_02_P2,AGG_Y_02,2.189885389967045,15.353,0.9270789820578544,0.5578966752751277,0.7899218271067112,0.4033148700085162,0.2732941964813817,0.56136425980967,0.4806390812325404,1.1563655318198085,0.5280484253275054,0.2985201422021479,0.1128888490620596,0.3262907411103802,0.1307363614470996,0.8663354451281582
AGG_Y_02_P3,AGG_Y_02,2.858843112244898,30.963,1.0283696853741495,0.5758261730024763,0.8889419035176924,0.4261402546330717,0.2520848045207891,0.5584417650268685,0.5476330697155887,3.169219287936556,1.1085670544012245,0.2866753954380783,0.120378446645795,0.4244978022663443,0.1431314279893968,0.9319144955298888
AGG_Y_02_P5,AGG_Y_02,21.6312856510186,40.224,10.94862967227635,0.9178840407417066,2.2712957061339263,0.397810903477996,0.6076769586652455,0.6407152334817284,0.2718916543394173,7.625870321637049,0.3525389310957554,0.0605296446627433,0.085510850780519,0.3196113089959088,0.101165276924528,0.7583265464090152
AGG_Y_02_P4,AGG_Y_02,17.862231235431235,41.054,7.517981538461538,0.7594967675036782,2.0949277089593767,0.5339102648455665,0.5569838467829235,0.5464031985341452,0.0738220842184598,10.58155831745893,0.592398462319171,0.240599222413724,0.1635758575838639,0.6152415344691026,0.1387515290449669,0.9198502013431328
AGG_Y_03_P1,AGG_Y_03,18.81320424710425,57.048,8.682727297297298,0.933880584361996,2.056014084937985,0.4219372927928758,0.5042293573565829,0.6280550116931802,0.357379317577315,11.37174670817824,0.6044556025020881,0.0883709477297717,0.1021343999342977,0.416456840042941,0.1382589020135506,0.9884513384751362
AGG_Y_03_P2,AGG_Y_03,25.388641469594596,52.887,11.609018285472974,0.9110590266076484,2.247966763357682,0.4689187436115599,0.5635436835837595,0.6166737949234719,-0.0039361049366962,10.657805090712063,0.4197863482957856,0.1298063345104784,0.1140313031570831,0.4548690491025389,0.1297836838831868,0.9127899923171812
AGG_Y_03_P3,AGG_Y_03,5.882992736077482,33.115,1.245699475383374,0.446888506870654,1.3370406633719598,0.693399435734896,0.3760646328426826,0.4484494214308093,0.1509187874449499,6.9909428139351535,1.1883310293863123,0.2676813195805451,0.1450810762691019,0.5158137232721491,0.1371836884176202,0.9595666179083604
AGG_Y_04_P1,AGG_Y_04,3.0466398700771418,16.802,0.846195006090134,0.3580158926329836,1.0160875110097576,0.652627889462055,0.3515421530929102,0.4848532815551041,0.0430744689021805,1.9845083769025131,0.651376093509951,0.2650044591551447,0.1733872037991276,0.5011534770415851,0.1622370934451375,0.9655979762688872
AGG_Y_04_P2,AGG_Y_04,4.55868620414673,30.028,1.0749914274322172,0.4355664437248651,1.067933623354172,0.6629904272858805,0.3081405084823292,0.4760045843982935,0.361605911428383,4.71743065526753,1.0348224124258434,0.3289597798440034,0.1690276832013279,0.5858053102379004,0.1668142203170669,1.0299224782068217
AGG_Y_04_P3,AGG_Y_04,2.594390026714158,11.613,0.6554949243098842,0.2409152257426673,0.9298452472762792,0.7066691050281061,0.3157970852360863,0.4527668932075228,0.2469757076554921,1.8564964672280384,0.7155810992610561,0.2303085298934086,0.1651670854141907,0.4863244043688559,0.1654948139449459,0.9597628037959964
AGG_Y_04_P4,AGG_Y_04,12.734570004531038,36.199,4.772135659265972,0.7436569838439503,1.8776894148894432,0.5823237700818329,0.5125311367076683,0.5376603424949,-0.0241470596375558,7.557652742092969,0.593475299079899,0.2348921640568767,0.1443199954635871,0.5287252001500024,0.1503610353428695,0.995086802198798
AGG_Y_04_P5,AGG_Y_04,13.813053750966745,32.836,5.017775831399845,0.811087161932157,1.982905257260306,0.5404183714198583,0.5623092827345387,0.5572698541228419,-0.122107367436133,7.773337244919429,0.5627529860567864,0.1538994751852642,0.1090115030924019,0.3844138612341189,0.1337562369198526,0.8980980108447169
EPO_O_04_P1,EPO_O_04,35.256417226890754,48.852,10.369848907563023,0.8482922193003457,2.115533095460526,0.6322016679468714,0.54077726345809,0.5646930288687446,0.0678686572755108,12.39938036715412,0.3516914463360977,0.1384263810735098,0.1162494774776537,0.4547706302615825,0.1671900821586729,1.2630521258114902
EPO_O_04_P2,EPO_O_04,37.8625450849963,53.981,11.142180598669624,0.8836172436516126,2.180258097136238,0.6261776157962774,0.5440670881000772,0.5581076937039633,0.1453384643086481,13.222221078974256,0.3492163838773161,0.1116882752188193,0.1078373272085245,0.432140099929493,0.164494453544462,1.26664413011344
EPO_O_04_P4,EPO_O_04,38.87542961165049,53.379,12.559268134535367,0.8653716609038601,2.1609290948707742,0.6187825651971465,0.5392436802694797,0.5695852882280271,0.1825805654416226,14.233452989479186,0.3661297928194109,0.1320658271636693,0.1179024081100659,0.4724742326382894,0.1690845177454842,1.2959626141323628
EPO_O_04_P5,EPO_O_04,39.22354259554139,52.771,13.129632762738852,0.8817420847780424,2.2078371548787397,0.59539002714977,0.5534835760449723,0.567671169482233,0.2089897095237754,13.43999835535613,0.3426513126043815,0.1217215387629972,0.1152881715411207,0.459882677035096,0.1644572684944225,1.2742127853776932
EPO_O_04_P3,EPO_O_04,39.98149314397649,52.699,12.52695166503428,0.8613209667436047,2.2209141403290573,0.6311974572729724,0.5542124993532871,0.558416948629234,0.3329404752366645,13.356737090597678,0.3340729932846434,0.1235759102320089,0.1170769431323855,0.4691663194399832,0.1731535718746231,1.3190025762001822
EPO_O_13_P1,EPO_O_13,26.22720880557977,36.627,9.67233112467306,0.670161645026293,1.9993493757462335,0.6920342602719103,0.5496362939473638,0.577647784585806,0.0415953891950543,5.771997512378549,0.2200766980263096,0.1859327278354154,0.1408558894476647,0.5123754339707752,0.1726315757221762,1.1908426283899105
EPO_O_13_P2,EPO_O_13,26.09585216012683,35.953,11.037074118113358,0.6616981641018943,1.94395258237965,0.6618138227160946,0.5383541330509286,0.5925804720317562,0.3648286487019233,6.29394995477693,0.2411858373567035,0.1904275359996846,0.1330430779873948,0.4804076334580066,0.1784279824473718,1.2615906420017018
EPO_O_13_P3,EPO_O_13,24.333607912260085,37.247,11.233138542890716,0.7314087755447836,2.0414686050679505,0.5609292764872402,0.5572360457547236,0.6211939182919047,0.1373994431279909,6.0357147585436985,0.248040273366232,0.2090291517055454,0.142873179130531,0.523424699323224,0.1629161187359722,1.066790207950309
EPO_O_13_P4,EPO_O_13,28.36799252262888,38.609,12.76433077528532,0.6605068755904606,1.929948035213337,0.6517233547972588,0.5197012473561908,0.6040923868743227,0.440540117045494,7.052773014297807,0.2486172755675917,0.2258122779069022,0.1508634939984204,0.5602424571979472,0.184154108359718,1.2696535770489816
EPO_O_13_P5,EPO_O_13,31.472758928571437,41.776,10.345242340225564,0.703469313488946,1.949162459435457,0.739269218837925,0.5182288629904589,0.5583768314079937,0.053592559353695,8.692041218594051,0.2761766529054841,0.2073447088144256,0.1401535990009714,0.527145732777323,0.1787471522376056,1.2520570546785557
AGG_Y_03_P4,AGG_Y_03,4.381836895910781,33.256,1.0691579925650558,0.3912690348240885,1.244135172743885,0.6768463759990828,0.3499334386469857,0.4631425526253563,-0.2224653791977639,5.432191676539472,1.2397064987993742,0.255575198727806,0.134284400321872,0.477427782372636,0.140501468276366,0.8238460147990042
AGG_Y_03_P5,AGG_Y_03,4.299257154707591,33.42,1.09755267523849,0.4474428575367344,1.231080794584644,0.639475681910248,0.3462616805143171,0.4692364705715963,-0.1277237177274577,5.329141382372556,1.2395493432015958,0.2882498488631145,0.1338665158518956,0.4759420576323791,0.1305283357878194,0.8449781204363722
EPO_Y_10_P1,EPO_Y_10,23.140687272727273,29.974,9.427707393939391,0.5895565926490367,1.9387410468070776,0.7370523595993939,0.5645743362918998,0.5754090579686595,0.060846204637599,6.054357740310379,0.2616325811310631,0.23211539428442,0.1784021033772371,0.6126305402506687,0.1643176555884393,1.1824797674558756
EPO_Y_10_P2,EPO_Y_10,23.85778363047002,31.684,10.792841410048622,0.6126246005150179,1.989773978869047,0.6800297400802382,0.564257104450666,0.5943970512544031,0.4318665923035656,6.562195363013634,0.2750546934557958,0.2113142572779928,0.167999201186665,0.5924257512317042,0.1623565023521577,1.2406726563307924
EPO_Y_10_P3,EPO_Y_10,27.127561662198392,33.193,13.997311572832889,0.6597537005560258,2.120166857437633,0.6110275304209554,0.5963317292061268,0.6292993943350195,0.543506308359225,5.169990535760469,0.1905807311449125,0.1944521018132176,0.1510266654393109,0.5369523622028646,0.1490097374903823,1.0781276589668043
EPO_Y_10_P4,EPO_Y_10,27.471485673859213,35.039,14.336224266006363,0.6843574151630416,2.166299609754926,0.5835175237758563,0.599930450417959,0.6378038956984867,0.4389812724288385,4.224017439270587,0.1537600655973985,0.1593498992543497,0.128920544774242,0.4655215044331624,0.1319242813342395,0.9606009152358164
EPO_Y_10_P5,EPO_Y_10,27.916469733656175,34.873,14.165998184019372,0.714100317338218,2.219151072358633,0.5896391075328629,0.6192658977029745,0.622433738134538,0.5236862383738798,5.378178625611751,0.1926525336807828,0.1707913013458649,0.135204694519402,0.4845085833784504,0.145553713647068,1.0366019631630066
EPO_Y_15_P1,EPO_Y_15,19.885654237288133,27.518,5.819537664783428,0.7020647707889185,2.080833197644486,0.7173482391918418,0.6179537833041664,0.5324748586066426,-0.6594143390017503,3.96049488664167,0.1991634189844877,0.1614930402289898,0.1263773680215023,0.4255499843434709,0.1445823270879617,0.9448534825198116
EPO_Y_15_P2,EPO_Y_15,19.577054978854285,27.518,5.295233717800846,0.7336484464856113,2.076513723527667,0.7340842519640262,0.616671010915013,0.5209687817893026,-0.7058353545907887,4.743423550889852,0.242295051835598,0.1707851975694135,0.1266119681504585,0.4263399523794194,0.1391826760857371,0.9449872750453012
EPO_Y_15_P3,EPO_Y_15,21.75435298651253,28.331,6.9943097880539495,0.8461693691623674,2.2127425444420368,0.6503781943136941,0.6505775161336493,0.553394922457779,-0.8122803122750913,3.556343976455136,0.1634773499657761,0.1203266612267566,0.0918172325289875,0.3122885308690576,0.1321799342787412,0.8650715992432316
EPO_Y_15_P4,EPO_Y_15,18.52210904255319,25.743,6.043649810030394,0.8193386543237577,2.0753704486873574,0.6640766976153735,0.6296945307257908,0.5378392004185789,-0.5692090897317701,4.12510342984012,0.2227124038824627,0.1321664626154804,0.090494706821624,0.298255790920962,0.145690054593609,0.9587088341008048
EPO_Y_15_P5,EPO_Y_15,19.035315419594873,25.355,5.510048449772633,0.7734570433882513,2.0229913480486723,0.7034532092133101,0.6071029979916526,0.5291807543506741,-0.7109010056078311,3.7564056005846465,0.1973387631243461,0.1357037494035728,0.0817650521465613,0.2724578755374823,0.1485003090471904,0.9381294222718154
EPO_Y_36_P1,EPO_Y_36,9.628862113402064,15.663,1.8174613402061857,0.8132291494243011,1.4598229638654028,0.7216654959629571,0.5152534548546998,0.484507870748688,-0.5246676499715808,3.4065063093604233,0.3537807758841028,0.2036820968127058,0.1622822136534429,0.4597801332259164,0.1296181892171206,0.8778019648590054
EPO_Y_36_P2,EPO_Y_36,13.557974025974028,19.046,2.6541998032270757,0.7075135267810181,1.678338431993774,0.8052864901780924,0.5512649245734484,0.4915162348499216,-0.7124816937152497,3.3485764875289683,0.2469820698220729,0.2012192279340512,0.1344046029248722,0.4091978293380808,0.13989814840989,0.97586958851796
EPO_Y_36_P3,EPO_Y_36,13.334870139968896,21.392,3.3666804821150853,0.6380332066732315,1.5864411396426303,0.7777438817948856,0.5059620686216179,0.5135527957484621,-0.27505241807151,4.398212492427862,0.3298279208017935,0.2208061785445424,0.1514186306755469,0.4747722406670894,0.1645911898581739,1.160150202465838
EPO_Y_36_P4,EPO_Y_36,17.147869432813092,24.146,6.040694518462124,0.6511387288082267,1.7288762436629117,0.7277575934320348,0.5306399683027171,0.5605478984397663,-0.0005825800911118,4.53892240582459,0.2646930817620521,0.1778362417848465,0.121793276713083,0.3968142532131881,0.1762903133217583,1.231133296700354
EPO_Y_36_P5,EPO_Y_36,16.958486386138613,23.899,6.2008188531353134,0.6107604677820121,1.6590394984583592,0.7597035894675528,0.5154095991032179,0.5520958263363986,0.3380080847006784,4.801449772874005,0.2831296180299778,0.1862211955443161,0.1281851406091295,0.4126120502140581,0.193837612955417,1.3683350772139835
EPO_Y_37_P1,EPO_Y_37,14.80776913580247,25.952,4.527652510288066,0.933287455558895,1.9777519407291015,0.5664622818198266,0.5935265781826559,0.5100346565785789,0.2580366175583608,4.995380649925312,0.3373486312565069,0.0902249177867673,0.1061473862414439,0.353704799177049,0.1322676374661452,0.9850293643673028
EPO_Y_37_P2,EPO_Y_37,16.441563555555557,27.688,5.130230088888888,0.9082513738537844,2.0913347876014137,0.5887752519514755,0.6210724846262806,0.5150082673946159,-0.0817315006309633,5.508711545559716,0.3350479123804705,0.1146792465423018,0.1127635753665761,0.3797083171062374,0.133014434764027,0.948953335281453
EPO_Y_37_P3,EPO_Y_37,19.260493967093236,30.707,5.91324592321755,0.8949657748068947,2.222438852316497,0.6209312016658313,0.6412603021831941,0.5097429746927514,-0.2946907973390901,5.371343035089405,0.2788787787201305,0.1146972618433513,0.100758595229013,0.3492026810008557,0.1346190357010079,0.8830578175597847
EPO_Y_37_P4,EPO_Y_37,23.45934215885947,32.44,7.974843788187371,0.9088661983588084,2.362174419722142,0.5856745779013838,0.6698618599070386,0.5427643862166753,-0.5078698943846012,5.482339669295045,0.2336953710027468,0.0873951230171002,0.093568537611748,0.3299563973801308,0.129694044162254,0.8434816866570851
EPO_Y_37_P5,EPO_Y_37,23.763346415698837,32.409,6.969680216259511,0.857302316680054,2.3542411794886777,0.6456236467024126,0.6676121636045517,0.5163770442992276,-0.5333381798530346,5.644796059416412,0.2375421357190364,0.1150295017674965,0.1013609168269313,0.3574351358373927,0.1301043695840518,0.8468474169079618
EPY_O_01_P1,EPY_O_01,23.651354058721935,29.535,16.07471373056995,0.7114853072947128,2.091581458246341,0.4056479988425074,0.609082484499219,0.7272569425432429,2.51092588405231,3.293571914868041,0.1392551101594738,0.1559410965838285,0.1303221517405559,0.4475246015380405,0.1289662784946518,1.1116817255951477
EPY_O_01_P2,EPY_O_01,24.11353020637899,30.104,15.997478386491554,0.7072445835460569,2.0880474345181237,0.3978079535105798,0.6024831357840439,0.7266013464718469,2.3498059023032085,3.682658758205512,0.1527216764483245,0.173007840141752,0.1438629310510086,0.4985909252254822,0.1351422352632777,1.1145045663489532
EPY_O_01_P5,EPY_O_01,24.053105799026117,29.0,17.251795219123508,0.7342107151056074,2.0728226307937856,0.358133440750464,0.6094390881192561,0.7540634124153704,3.031745088063244,3.1179174510226826,0.129626397400577,0.1628198210768983,0.1357720246654173,0.4617874547949868,0.1195660731668963,1.1013375961724643
EPY_O_01_P3,EPY_O_01,24.687171469740637,31.558,16.013505235350625,0.720692297824432,2.128798994590903,0.4362432047139771,0.6088358046330258,0.7095209957043801,2.031585925044072,3.644755685318368,0.1476376380253116,0.1645479735312627,0.1337069586059172,0.4675073917862754,0.1398079461733892,1.1160249460775942
EPY_O_01_P4,EPY_O_01,24.99843683839097,31.36,17.61224562455893,0.7457994967967817,2.1336979088111336,0.376823518022522,0.6102368924711358,0.7457888603530691,3.1535558165172017,3.0032225782212785,0.1201364148341117,0.1500474385764167,0.1210682218144297,0.4233159530274546,0.1195077074749013,1.1050477346337644
EPY_O_07_P1,EPY_O_07,19.57268409680208,27.746,9.861529904926533,0.7340598360369615,2.3831016954358684,0.4482848530043622,0.7077197299428962,0.6341239501824953,-0.2508899320147527,3.2591883569267464,0.1665171900188822,0.1092310052127373,0.1095810589009203,0.3689918426825712,0.1057883103622534,0.6769000867381341
EPY_O_07_P2,EPY_O_07,14.9227982832618,21.466,6.869109184549356,0.6867785260745702,2.168927167050756,0.4770107689885072,0.691733748393483,0.6087374992706703,-0.5812152858097793,2.9658226205929927,0.198744401974502,0.1388250770257182,0.1332983647077535,0.4179562515339756,0.1130222772925309,0.651150044867218
EPY_O_07_P3,EPY_O_07,16.80583904682274,26.681,8.290592474916387,0.697666751656307,2.202872234968367,0.4641749923141303,0.6541962293159183,0.6186773213731634,-0.2629141617750425,4.451189042744037,0.2648596734945861,0.1495023313052204,0.1395207762353547,0.4698077280137858,0.1282451540479326,0.8079161314339569
EPY_O_07_P4,EPY_O_07,22.586650082236844,29.517,11.445965912828946,0.7541165575287305,2.468280879421663,0.448642208995221,0.7187798708736686,0.6347061683054084,-0.1386333163696761,3.125776718948227,0.1383904522170146,0.0916268380091063,0.0983783222784001,0.337829899902742,0.1080137659307646,0.7339170136396994
EPY_O_07_P5,EPY_O_07,21.1682204243078,29.293,10.6653411722402,0.7469638522209799,2.411024724823305,0.4606705863365457,0.7021064963999443,0.6209490971334736,-0.1048539108375107,4.242219727673715,0.2004051187412195,0.1113378477350378,0.1077163269773825,0.3698964885544699,0.124671695370652,0.7985381709972176
EPY_O_09_P1,EPY_O_09,16.02471002710027,23.139,10.629872177055104,0.697141511822098,1.730156235704695,0.4042831391678445,0.5310328332859506,0.7200120175706907,1.6052922906541158,3.3682884386955276,0.2101934096154769,0.1657067016718819,0.1082684193128561,0.3527489621402748,0.1452274083828256,1.167789785452636
EPY_O_09_P2,EPY_O_09,15.902975,22.041,10.3956003125,0.6648285712101794,1.680946821641131,0.4063560326675967,0.528923332131569,0.7223813490273642,1.4967097449594362,3.881736376851859,0.2440886926409592,0.1762717811246315,0.1240611567771335,0.3942730344929663,0.1523759450240236,1.1967519433902067
EPY_O_09_P3,EPY_O_09,16.27026149540184,21.355,11.69021599360256,0.6362731937528976,1.593123065205185,0.3345543543486285,0.508093128385214,0.7622333872793493,1.9491757514814567,2.9836295377116575,0.1833793229786051,0.1617844725282303,0.1179737149264161,0.3699059007834521,0.1430767200463673,1.2567963694929811
EPY_O_09_P4,EPY_O_09,16.210872762645913,22.18,10.930003112840469,0.5886372147405758,1.545751901395691,0.386344739797043,0.4863831715608341,0.7388944780860947,1.621965657459188,3.9613980193194727,0.2443667331994344,0.1998501947292231,0.1456348122355773,0.4628352728572804,0.1605540220625171,1.2826457786397507
EPY_O_09_P5,EPY_O_09,16.166683605832965,23.06,11.441205081749889,0.5368242834742009,1.43747365754168,0.3681611896186513,0.4465763004699127,0.7572437186668417,1.7709582346643364,4.890433855266432,0.3025007462570712,0.2470794125208252,0.1756290215371456,0.5653280115711747,0.1670990864017385,1.2912034978822675
EPY_Y_03_P1,EPY_Y_03,8.387662263320124,14.782,4.997882959048877,0.5524831548219461,1.4092092447861564,0.3819759613859775,0.5082647972569673,0.6712720128323673,0.2618374111922654,3.171223393227926,0.378081912894362,0.2292213599814666,0.1749680638257298,0.4851144805153488,0.1602737408343576,0.9845853420726076
EPY_Y_03_P2,EPY_Y_03,7.923499566724436,14.689,4.724271837088388,0.493720593723016,1.275113342265952,0.3803224394635924,0.4598999238646101,0.6776124992578372,0.3597600417826773,3.2818010247074763,0.4141858022545672,0.2639983097705553,0.2125516063647749,0.5893181867009244,0.1662648162859417,1.0429912541340334
EPY_Y_03_P3,EPY_Y_03,7.158849815346739,13.769,4.30060898645876,0.4884950544020697,1.2457573307152598,0.3912905766159723,0.4493119807934945,0.6690217755368132,0.3213446817071576,3.486458634727648,0.4870137975591518,0.2692735702341463,0.2057578459458633,0.5704818831818511,0.170938034395001,1.0385537014184272
EPY_Y_03_P4,EPY_Y_03,9.202684528954192,16.002,5.67554753673293,0.571139880901702,1.418728234952968,0.3701133691711354,0.4908462833810788,0.6837072291938063,0.4009848103992245,3.5569827275842676,0.3865157733477677,0.2442331340193618,0.1828059291354942,0.5283770947492001,0.163023386063199,1.0226625742337003
EPY_Y_03_P5,EPY_Y_03,9.098393881453154,16.118000000000002,5.229554263862333,0.5636455989108,1.427016024860332,0.4301048719262799,0.493713661905908,0.6516118120453859,0.5010386432405728,3.9844907739205246,0.4379334227376997,0.2686324303277522,0.2064982557991369,0.5968567266166431,0.1660581388079604,1.048218497126798
EPY_Y_04_P1,EPY_Y_04,3.714313570487484,9.242,1.2093668862538427,0.340505257244968,1.1771132187851046,0.6848790371832777,0.4908943406070442,0.489247874723892,-0.2607916543779833,2.465678899198528,0.6638316481381299,0.2862858694855392,0.2377735909805518,0.5701561698085585,0.1614979861932949,0.867728649706191
EPY_Y_04_P2,EPY_Y_04,5.327196472518458,10.895,1.7397354799015583,0.4640557502034503,1.4561111001898368,0.6889194606417968,0.5859822139854087,0.4745539464389668,-0.2435805191588332,2.62827350206889,0.4933689822831635,0.2752922339839954,0.2108756664730373,0.5240063458973268,0.1459064794999789,0.8718702148151738
EPY_Y_04_P3,EPY_Y_04,3.6101095833333336,9.803,0.9666359166666666,0.3024033225084109,1.154888351625094,0.7785356325870011,0.4816258511062189,0.4509489765493831,-0.1455525523317932,2.732625390701799,0.7569369648271661,0.286042228767792,0.2406432671235223,0.5770373526662497,0.1676297478625097,0.8840240264857064
EPY_Y_04_P4,EPY_Y_04,2.131990674955595,9.189,0.6155487566607459,0.1874368617591831,0.8806650911990735,0.6787537649977042,0.3672658690266016,0.4884531337792798,-0.2417549204282801,2.097741954916216,0.983935802139429,0.2564740216038669,0.1982389384511158,0.4753562133964977,0.1683480489783594,0.8179179291421392
EPY_Y_04_P5,EPY_Y_04,2.268217616580311,9.412,0.6551426464726983,0.2240522258540073,0.939136728242957,0.6671625373980536,0.3916504356535029,0.4929527923224037,-0.2122431037047366,1.9038695578784384,0.8393681205724943,0.2537657191629654,0.1919814618788328,0.4603514399041739,0.1684235451329413,0.8277417632965446
EPY_Y_05_P1,EPY_Y_05,7.636834003215434,12.224,3.1961770498392283,0.7411982735421239,1.8727707352202028,0.4187928028208398,0.7096362455654684,0.5524210170197802,-0.2699998735930177,1.7588774011842998,0.2303149970843594,0.1183175667128246,0.1121464108965389,0.2959608076665557,0.0798463825308865,0.5293810595862297
EPY_Y_05_P2,EPY_Y_05,6.496426772975242,11.352,2.643874569869912,0.7019798528231468,1.7194698094140983,0.429920870457296,0.6515469710030042,0.5411048840089249,-0.0873887665247796,1.9867167293191024,0.3058168434351833,0.1464509494807285,0.1299194337825776,0.3428648339833757,0.0902489303722643,0.6238979393213789
EPY_Y_05_P3,EPY_Y_05,5.642729752412925,10.324,2.171085900125892,0.656103395056958,1.6065055974294562,0.4489335758826879,0.6465054120107552,0.5314014909190685,0.0130000289292107,1.812531397324313,0.3212153473324226,0.1599052684506118,0.1475838729606114,0.3667321473212908,0.1024476509714372,0.6953073627059936
EPY_Y_05_P4,EPY_Y_05,5.158235666271254,10.034,2.1343805061289047,0.6560705399071615,1.5607952694988505,0.4224191075213352,0.6281102228254769,0.5500029509088453,-0.1492346670278138,1.6765171288980891,0.3250175520014573,0.1758826485689732,0.1366935185301613,0.3396706331785171,0.0971580788340913,0.6242379212453729
EPY_Y_05_P5,EPY_Y_05,3.733864120781527,8.937,1.4702372557726464,0.4804862848206709,1.2376711926660742,0.4676470531008752,0.5375137693854923,0.5535403849804902,-0.1331282048301113,1.6986903641092614,0.4549416661026518,0.2500251150887107,0.21341751692805,0.4914119930623324,0.1323992647901442,0.7228055481728638
NRM_31_P1,NRM_31,18.109433054393307,30.218,7.773758284518828,0.8832370168220953,2.11967287546572,0.4447460152561942,0.6116083091482487,0.6008880491793394,-0.1798158846328441,5.994984683269112,0.3310420964180732,0.1090898787606474,0.1043373413114575,0.3616056697857875,0.1186956090974844,0.8902123059801207
NRM_31_P2,NRM_31,22.801498165810713,38.844,11.195165370506237,0.8763587584069039,2.229392329721555,0.4272415301164136,0.6043548881043749,0.6266740365642662,-0.172812048131681,5.367419734524498,0.2353976784987127,0.0976066233528909,0.0790777720063524,0.2917083684313396,0.1203807368852158,0.87061991009807
NRM_31_P3,NRM_31,18.621851286173634,37.006,10.381192122186494,0.8424272312725102,2.0468583238887157,0.3766847821978245,0.5587072148904906,0.6562810617719489,0.5022121254776442,6.047234147110085,0.3247386124063852,0.1192049809812818,0.0889002327765623,0.3256914831322114,0.1336797953769777,0.9466221077721644
NRM_31_P4,NRM_31,19.49707008995502,34.968,11.300560082458771,0.8330041146096269,2.0422118204364574,0.3556094718887299,0.5698900593270774,0.6814123316777156,0.6167453125468579,6.157217974346704,0.3158022177659879,0.1214043868707096,0.0947130662652594,0.3394060666808057,0.1313565272519568,0.9756285323718296
NRM_31_P5,NRM_31,23.67997843450479,39.722,11.02327663738019,0.8190360248887287,2.2628542178941333,0.4589739930654806,0.6093470591786181,0.6057849642835627,0.067972806881174,7.077058660762506,0.2988625467010695,0.1261293933819909,0.1003824046821074,0.3727772940160821,0.1299957019546348,0.9346205305234015
NRM_O_15_P1,NRM_O_15,17.41158323400874,28.208,6.574138061183948,0.8541528078866927,2.0469908322682313,0.5560226171184032,0.6018441750263469,0.578576985102002,-0.694843166987511,5.082337613825241,0.2918940538329846,0.1514325331151546,0.1206368938253028,0.4103098874104757,0.1243804877998309,0.7528970879930332
NRM_O_15_P2,NRM_O_15,16.345879327398617,27.226,5.340426458951534,0.830767703302879,2.0462431267179544,0.6046099447454046,0.6016243390490796,0.5514737420188449,-0.7767937675664872,4.419292189061798,0.2703612390955483,0.1606765976277863,0.1190273754192643,0.4048355976221202,0.122105499509184,0.7425162769733927
NRM_O_15_P3,NRM_O_15,18.37503802153432,29.12,7.551062180349932,0.881643003800646,2.0630732986714237,0.5008231121013282,0.6007807181042593,0.608079132626783,-0.6860901600357225,4.5314403086393655,0.2466084861064679,0.1422100621398253,0.1230395997059787,0.4225164110353054,0.1234551178255867,0.7473208467402902
NRM_O_15_P4,NRM_O_15,18.24239938891314,30.461,7.328243518114361,0.8529021017441399,2.0616669181828065,0.5328682428594367,0.5948713277654334,0.5984353792446998,-0.6792076181694419,4.845905863370375,0.2656397198668661,0.1620197776865469,0.1241418507219945,0.4302428690872205,0.123439786940246,0.7704573328451961
NRM_O_15_P5,NRM_O_15,14.596524796447078,26.041,6.450856550703183,0.904550991509802,1.9431513388144237,0.4519200521474643,0.5831428812009664,0.6269858397913892,-0.3545876777535445,4.5103704928659525,0.3090030370765935,0.1158907116044609,0.1213222541330399,0.4042705624067378,0.1187700584645558,0.808079025385089
NRM_O_19_P1,NRM_O_19,21.822119494446575,31.125,8.413025392569896,0.8819670158265899,2.31050735849743,0.5019298296264504,0.6608043362927473,0.5939248316796395,-0.9899214190860856,3.86222607333669,0.1769867530200067,0.0829316275050705,0.0772750910959862,0.2701929403301268,0.1005431565083213,0.5744692223744634
NRM_O_19_P2,NRM_O_19,22.83924272211721,31.221,9.842109073724007,0.8835283770168434,2.2640507527545357,0.4941684813156097,0.6475177624969767,0.6193284365688299,-0.6289959130211635,3.52987690227928,0.1545531498231767,0.0921641605712132,0.0935922346197563,0.327245956042523,0.1245612469488967,0.7996914164239992
NRM_O_19_P3,NRM_O_19,24.03382655001902,34.28,11.844632027386838,0.9110674250096856,2.254039707219105,0.4388681485760528,0.6290017566337224,0.652828992057463,-0.2757326838506456,4.088445670744221,0.1701121401635889,0.0898860333243786,0.0963007540922291,0.3450955760771077,0.1210597132674932,0.8711334255761912
NRM_O_19_P4,NRM_O_19,25.489046940486165,35.314,10.643151927912823,0.898499888044512,2.3117523812956544,0.5113575422974278,0.6402118345589283,0.6172255766911598,-0.7440857739349601,3.6711590443246966,0.1440288863250323,0.0999281427624431,0.09101111390979,0.3286336614665647,0.1150955292615074,0.7497897462631058
NRM_O_19_P5,NRM_O_19,24.717363712725746,34.308,11.261872322553549,0.8805050835973138,2.1946329042186883,0.5042727841997412,0.6124239726117376,0.63757125059253,-0.2643362908001861,3.5894474295709378,0.1452196711303361,0.1311222786127035,0.1055800731198969,0.3783481915487314,0.124589365175186,0.9031312311316654
NRM_Y_39_P1,NRM_Y_39,16.246179458657767,28.201,4.541135558027437,0.8479935075897664,2.0733455034261072,0.6555700696511503,0.6095928200476471,0.5274504197567603,-1.0003632976995074,4.188632147582014,0.257822595044021,0.1084286212387039,0.0884427811853795,0.3008113557946317,0.1120859975485242,0.6887527260030696
NRM_Y_39_P2,NRM_Y_39,16.413005356407087,28.345,4.715234404614751,0.8389819953637313,2.054639119494217,0.6458205225598785,0.6040928793406636,0.5290865951311611,-0.7693818233059107,5.195998419473107,0.3165781224487789,0.1191969669974269,0.1038616805255487,0.3532540758585277,0.121738013126173,0.7877190961996633
NRM_Y_39_P3,NRM_Y_39,15.971326761744969,26.061,6.650469295302013,0.8944223276278296,2.1267050382229384,0.4959237178496106,0.6382276453107371,0.6097060593814115,-0.2840125677350524,4.7272416811606535,0.2959830295679313,0.0889234135108443,0.1166425712281822,0.3886769019249814,0.1107755477853984,0.7759058200387969
NRM_Y_39_P4,NRM_Y_39,12.019822883457318,25.77,4.986610556145944,0.8685533504572513,1.923986414024757,0.5018155940680692,0.5837626351808122,0.5958814642784536,-0.1778471473143942,4.822148943288473,0.4011830282395522,0.1289156170379622,0.1260616929215967,0.4154787749219154,0.1189167566319408,0.8146542593932851
NRM_Y_39_P5,NRM_Y_39,9.53415873763542,21.421,4.688876307112577,0.8689933908248493,1.7588014395010627,0.4433342452772258,0.546402388657872,0.628875201830767,0.3502786365967941,4.024393583309148,0.422102641046151,0.1484106585713068,0.1278796220515684,0.4116286239150761,0.1190770480595402,0.8966859079057706
NRM_Y_41_P1,NRM_Y_41,19.674068298969072,31.748,8.902828994845361,0.9005529140420555,2.155120506887314,0.4114180491454442,0.61114582353201,0.6242265066226598,-0.1331640953641598,4.40410475591706,0.2238532818424665,0.0693214408425842,0.0956734979745657,0.3373792465094529,0.1069671641856339,0.8555957756335822
NRM_Y_41_P2,NRM_Y_41,18.873832426127528,32.192,7.397038685847589,0.9017698987932328,2.152317977703194,0.4717913885851006,0.6103510865320472,0.5871192453552726,-0.5759452253054853,3.927670521445175,0.2081013772278703,0.0743402400227029,0.0888582393740442,0.3133461876155232,0.1030204003729272,0.7613426135422879
NRM_Y_41_P3,NRM_Y_41,17.1402859688196,26.719,7.778768997772828,0.9005451236520038,2.0275502791878672,0.4086955637579461,0.6084711406507461,0.6297625556967039,-0.3469524950369167,3.4034187112391097,0.1985625395883341,0.0781257477595077,0.0913493296385718,0.3043946482231304,0.1041504330400675,0.7908192216676363
NRM_Y_41_P4,NRM_Y_41,15.336498009410064,26.97,7.694987549764749,0.8828766763015956,1.940183959016036,0.3990087871251214,0.5501944413999537,0.6460267967100082,-0.2137104111751739,4.006552561183976,0.2612429877228597,0.1231986535966677,0.0909524165928446,0.3207310114914513,0.1099627239272961,0.8506515975612458
NRM_Y_41_P5,NRM_Y_41,15.421715068493151,27.466,8.194545675146772,0.9154592903638438,1.9382008452848751,0.3483265678007711,0.575595653944269,0.6692915903829603,-0.1472200785569407,3.4660246024858408,0.2247496200709215,0.0899973552281107,0.083419359386732,0.2808976610030859,0.0965610196891987,0.8269180605983489
NRM_Y_69_P1,NRM_Y_69,16.35528462230216,25.488,6.0961255395683445,0.9004788260998766,2.2756701496145544,0.5147617131429225,0.6904680790143106,0.5583034602257788,-0.7626498988010852,3.649271742467946,0.2231249303660407,0.0878895838179162,0.0913035653273061,0.3009216566033703,0.0957644036838136,0.5915807493046455
NRM_Y_69_P2,NRM_Y_69,19.87912050426399,26.593,7.549198739340007,0.9079239123420588,2.3912281649535663,0.5181800986710025,0.7176114664186197,0.562811324058679,-0.7209239571819058,3.422460563133702,0.1721635804964106,0.0677651429515986,0.09171121410368,0.3056005212699265,0.1000380920892823,0.6386613220604811
NRM_Y_69_P3,NRM_Y_69,19.998651391162028,26.591,7.970597913256955,0.903329606781641,2.3813792687823265,0.490037929786988,0.7146557966386992,0.5763153570013705,-0.6422658985635276,3.82842386713629,0.1914341018428962,0.06634164368845,0.0972112886006262,0.3239278943149501,0.0957365243218021,0.6188545856599493
NRM_Y_69_P4,NRM_Y_69,19.446312477131357,27.47,7.242699707281376,0.8764722876354872,2.3707876213387045,0.5332111970166957,0.7040627675852963,0.5524983182000658,-0.6582390144540354,4.10059059373116,0.2108672581783002,0.0773045281330166,0.0961929679089327,0.3239101797137718,0.1023567321921625,0.617665089426965
NRM_Y_69_P5,NRM_Y_69,21.40854496477414,27.54,8.283727186075424,0.8912712539065484,2.390552993180304,0.50569284629704,0.7028562958648543,0.5710682269644255,-0.6834348049842833,3.3520137436684156,0.1565736367970759,0.0673876960334634,0.0934761234296609,0.3179307462568911,0.0994519709758427,0.6679640973987315
NRO_138_P1,NRO_138,28.7643595505618,42.982,11.520936776145204,0.8296882572315224,2.210227035733774,0.5492066588184173,0.5840687834254332,0.5930412951355821,-0.3364672758515364,6.488894452824942,0.2255880038427,0.1284504550781837,0.1110632443787671,0.4202843780874612,0.1355114981906875,0.934936411124367
NRO_138_P2,NRO_138,29.994599928876244,45.946,10.239711806543385,0.8672651888488292,2.250227533974872,0.5699551992034744,0.5812737513847516,0.5709415500206099,-0.5401220723482593,7.05825503464134,0.2353175255338629,0.1018794417242713,0.1061472608517107,0.4109173835142463,0.1264362425088582,0.9089938101022634
NRO_138_P3,NRO_138,28.08768429423459,46.243,11.136499880715704,0.8464895740180852,2.2253373567727266,0.5007310738868691,0.5748441763944546,0.5941348277614579,0.028560340254176,8.530837887648541,0.3037216524610261,0.1030911016729163,0.1043296784280578,0.4038811565983929,0.1315488718064283,1.023974516748433
NRO_138_P4,NRO_138,24.37238930041152,43.916,10.790614197530866,0.8539849138329931,2.202520054089316,0.4587777890641393,0.5785960956633714,0.6178216638335319,0.0780242232038662,8.128924144207051,0.3335300468087385,0.0925846450061429,0.0992444006725594,0.3777899373599682,0.1284015579511241,0.969470005897687
NRO_138_P5,NRO_138,25.629570218457424,39.763,8.854128310298709,0.8417400887560845,2.20201640552635,0.560836546710699,0.5929645004790706,0.5450135622568463,0.0661010330743744,7.1448158629471745,0.2787723634086441,0.1223388585520698,0.1091104225032217,0.4051894171942695,0.1376991217165253,0.9887883240604702
NRO_174_P1,NRO_174,21.21642957089552,41.731,9.759322854477611,0.901390578842532,2.077522144493464,0.4670166377568303,0.5523561843532409,0.6272092000334505,-0.6089294839823323,3.6221414710717266,0.1707234225706168,0.0876375199374522,0.0791725066401923,0.2977836411348406,0.1183142471948657,0.6844713725071175
NRO_174_P2,NRO_174,21.98340459164471,36.186,9.426536695521264,0.918418519845149,2.1801890555192593,0.4916939772175008,0.5993504922734945,0.6105221171475832,-0.7408985528732422,3.2901181937799393,0.1496637238360441,0.0775282148297032,0.0822553572503946,0.299210949097385,0.1117446803833457,0.662274949579634
NRO_174_P3,NRO_174,22.61697211009174,33.062,9.66491889908257,0.9439789911353692,2.265524280821902,0.4646339823624242,0.637215890438818,0.6100440355026359,-0.5716727823316311,4.68633353063171,0.2072042848096655,0.0569498210719026,0.0866914626457598,0.3082183236652843,0.0984874259239731,0.6787321445349916
NRO_174_P4,NRO_174,20.577881110190557,29.637,7.166964457332229,0.9191145846441312,2.2062924025379793,0.5397310248028581,0.6424870773124404,0.5629892669577209,-0.7737754915726737,3.6821416083433545,0.1789368686030501,0.0685840670398742,0.0880969543421135,0.30252381396493,0.0988858439341502,0.6758794467489834
NRO_174_P5,NRO_174,22.391677738236456,37.907,8.581188216686437,0.9382512140372034,2.2517631170091703,0.4967732153493834,0.5986820822464926,0.5965054961917187,-0.9236140157458628,4.00801308434553,0.1789956577260564,0.0572995779866249,0.0820645631954238,0.3086612445849699,0.0888684836799392,0.6031847920644535
NRO_190_P1,NRO_190,25.903453729012103,37.907,12.621723662631783,0.9527647929309342,2.231119640237031,0.3956448835277789,0.6048231361284596,0.6614677100637353,-0.0661934898215003,5.914416176084571,0.228325390040957,0.0487527931138258,0.0993187469713132,0.366374885110818,0.1008172051403946,0.8549979880326345
NRO_190_P2,NRO_190,26.307698272693862,43.065,12.61151730981257,0.945572475131788,2.2264719047908375,0.4131204651406214,0.5848881824364669,0.6535820165036889,-0.0932164426519002,5.455466295673308,0.207371478839554,0.0634931353234105,0.1003099473662045,0.3818461139897661,0.1045367734507621,0.8784406399386974
NRO_190_P3,NRO_190,30.799651394422316,43.721,14.773536055776892,0.9565606023937356,2.2925784779384006,0.4302730278524497,0.6022542014426728,0.6519279964474101,-0.3455071149743139,6.319980798610769,0.2051965042615803,0.0584047157594739,0.1048090583751414,0.3989727111047986,0.1071958231243552,0.8453262538874927
NRO_190_P4,NRO_190,29.52521218315617,43.232,13.693941291905151,0.9550122989415276,2.2842309002080716,0.4339299251072648,0.5966165706463749,0.6414525414442649,-0.0639513206447013,6.886273731348239,0.2332336746178165,0.0592485932681069,0.1121693255714031,0.429456123298937,0.1186569865800229,0.9599477863087578
NRO_190_P5,NRO_190,33.49828227398342,49.248,16.042180734307145,0.9481944261213326,2.338735497848758,0.4453348132218052,0.5948217739829601,0.6492593905731939,-0.1434004850279024,7.851882132669544,0.2343965600519087,0.0627196372399584,0.1112537886946563,0.4374304981273458,0.1198977162671208,0.8901111240553193
NRO_52_P1,NRO_52,28.32460841938046,53.0,10.043472875297857,0.9320009742630234,1.8327555740806232,0.5931769117385569,0.4594542251075638,0.5858313208923597,0.4711571004691601,12.928998543181432,0.4564581565171811,0.117291490050871,0.1434745182855206,0.5723175645294363,0.1841163955351973,1.3287023624543426
NRO_52_P2,NRO_52,28.880530647985992,48.028,10.808804448336252,0.9150221379737276,1.8594380417031824,0.611671240974085,0.4753136776351035,0.5795252408169045,0.4296918684877733,11.624299207561895,0.4024960396069635,0.1339810853513787,0.1343061108574912,0.5254085954440887,0.1846066635876603,1.3327897483194708
NRO_52_P3,NRO_52,31.92714347202296,56.108,15.294487039693928,0.9336284853453962,1.8910391783877625,0.517346533738199,0.4657223789315743,0.6346333443249885,0.8469053504687024,12.7958397072247,0.4007824789723956,0.1103696564306609,0.123928960750703,0.5032064824844736,0.180038226717191,1.3682895588766752
NRO_52_P4,NRO_52,34.30587821691176,51.194,13.063510661764708,0.8848094088089278,1.8746735904487712,0.6839744685176414,0.4657167210416836,0.5643826388742714,0.6185202771568357,12.18404142986524,0.3551590008227475,0.1485353491703985,0.1178375734125627,0.4743376753683865,0.1973687072207919,1.4158256978764938
NRO_52_P5,NRO_52,36.60910149013291,53.17,13.169693556182038,0.8535370682304161,1.9501278643503048,0.7026428600607849,0.4866398111184695,0.5677712026806994,-0.1265321834472147,9.72310279985532,0.265592500336998,0.17248263309542,0.1165202591489232,0.4669355012393675,0.1761549176213505,1.185475372702751
NRO_O_56_P1,NRO_O_56,33.71129122392759,51.569,12.613753325462415,0.9301334968993143,2.0254272810740237,0.6077173304537243,0.5101456832835055,0.5946370135306396,-0.2151405504547241,10.224006386851691,0.3032813640669717,0.0917094573106087,0.1324747083356325,0.5259632632551376,0.1551456166014033,1.1088569984933616
NRO_O_56_P2,NRO_O_56,34.37161868037704,48.648,13.279408011996573,0.932953367879736,2.0665034822284523,0.5905728389182472,0.5204915727165268,0.5982434830773448,-0.0548745170105099,8.520391236089745,0.247890310762527,0.087686072921741,0.1170398762727022,0.4646824743286507,0.1541917592833473,1.1445848316807643
NRO_O_56_P3,NRO_O_56,33.9929316,44.862,15.48275788,0.9345999688548692,2.0691238295239236,0.5406119432400107,0.5404329147726742,0.6361401611298841,-0.0330110193475425,6.584549075139575,0.1937034779059649,0.0892278658913068,0.1032140977741717,0.3951697674394669,0.1480157313933839,1.084619134983122
NRO_O_56_P4,NRO_O_56,32.021454339622636,43.337,15.021937245283018,0.9183486086627998,2.076196618087246,0.5060975372008599,0.545411268707596,0.6461424821811497,0.024736656685187,6.028173059734085,0.1882541934478896,0.1055846281104357,0.0944354274813887,0.3594837994988278,0.1484240418422636,1.0617406846053523
NRO_O_56_P5,NRO_O_56,28.536406839105652,42.079,16.099420035072335,0.9205399865429784,2.0421791606041486,0.3867586255595226,0.5396608939202702,0.6957944314896749,0.4724969930131616,5.15095187240003,0.1805045709308181,0.0928892542444631,0.0828390414375005,0.3134786418915149,0.1242313057273149,1.0001758386238404
NRO_Y_82_P1,NRO_Y_82,18.20658772687986,27.405,6.6711974935177185,0.8645703373349071,2.1005493053925326,0.5439028080096433,0.5817216996368466,0.5751289910296408,-0.7661847059724918,5.066637530840801,0.2782859482977424,0.1657955200933067,0.1091207003793968,0.3940258916402475,0.1148506402535936,0.7476601118956298
NRO_Y_82_P2,NRO_Y_82,21.3674235924933,55.397,7.936954576790502,0.9012119477777552,2.216813863831827,0.5326873836110082,0.548302189850575,0.5817710550900446,-0.7731654684318714,5.046039063348806,0.2361557087828574,0.0986851557081891,0.0773675071988666,0.3128007980695766,0.1116768010313251,0.7274305902508272
NRO_Y_82_P3,NRO_Y_82,24.660583687669114,51.037,9.748363548511788,0.8779166799508854,2.184339283343026,0.5720642086774892,0.5501709523894307,0.5976252964396394,-0.6651806906746559,5.119512567494366,0.2075990022107321,0.1376036888948738,0.1016507037207033,0.4035829669891909,0.1290302126731728,0.8323436648278367
NRO_Y_82_P4,NRO_Y_82,21.751984347048303,48.703,8.83493957960644,0.911779129590119,2.1978101867493183,0.5221923847092691,0.561809116076193,0.6060765434554679,-0.8731450164667917,4.8154805837463766,0.2213812085792451,0.1081885198432884,0.0847565107535416,0.3315694199276729,0.1102808758741408,0.6638536569480616
NRO_Y_82_P5,NRO_Y_82,21.872084406294707,44.271,9.067226752503576,0.9111228405071692,2.180824921447031,0.5089061282749615,0.569608039929483,0.6138310162751501,-0.8705931469796185,4.850056800008587,0.221746437601199,0.1184482918697758,0.0867117167596892,0.3319880683467835,0.1071394808614178,0.6827936121736298
NRY_O_14_P1,NRY_O_14,6.959436017113963,20.249,1.9061114741345777,0.6078059276420136,1.577568943222287,0.6373339631086227,0.5103679315398305,0.4994569764942532,-0.5295445006795235,3.624731106980117,0.520836903747162,0.3003908735283263,0.1996943191355214,0.6172636181423806,0.1255472638368722,0.8132042465584924
NRY_O_14_P2,NRY_O_14,7.860284594276755,13.428,2.0621272834182673,0.7168378486728754,1.801962557547971,0.6495251500035659,0.6499206114105129,0.4956569880698228,-0.939972273185841,2.352452904966241,0.2992834262870219,0.1870277621452087,0.133166173124456,0.369215029788697,0.1008085931293286,0.6356700317606699
NRY_O_14_P3,NRY_O_14,7.917897088153172,13.372,2.1233141204627044,0.69362394020586,1.739283076664974,0.6644601466347559,0.6422639713093444,0.5044734339237036,-0.975888727367499,2.4315856146341774,0.3070999266045447,0.1796300936875511,0.1279026781935474,0.3463668734035473,0.1064732899855609,0.6530288434880385
NRY_O_14_P4,NRY_O_14,7.81102798289934,19.685,2.046805207928488,0.7509289535438973,1.7504154116591455,0.653654427399426,0.5372509350880397,0.4917137927920243,-0.8867459327465558,2.2599473603396416,0.2893277767391613,0.1695086193116389,0.0997441171608364,0.3249759628097303,0.101403314408015,0.6535924019710759
NRY_O_14_P5,NRY_O_14,8.691975010076582,29.338,2.223498186215236,0.7527645166308864,1.7517673932197055,0.6709453334635451,0.5101263600900183,0.4806507707749634,-0.6284741355637158,4.171830672812133,0.479963491378627,0.1727244484560691,0.1000288102759777,0.34349765456758,0.1160283888117597,0.7562327547023783
NRY_O_20_P1,NRY_O_20,5.74264381933439,14.759,2.6282497226624404,0.698205018137677,1.541028469875468,0.4563786284860253,0.5558085328395113,0.5940443002303414,-0.2579815659974833,2.1347315859504468,0.3717332387502793,0.1891130609322682,0.119854657987226,0.3323076730432889,0.123631685816484,0.7483076746464797
NRY_O_20_P2,NRY_O_20,6.322246768507638,13.774,2.859023110066589,0.7424118009589475,1.6126225134496452,0.452256762341506,0.5954921045382717,0.5912828433023705,-0.3859864834431004,2.301226692284262,0.3639887490230732,0.1876003640869663,0.1190755577674272,0.3224625881584391,0.1111515544845689,0.7120710439599743
NRY_O_20_P3,NRY_O_20,6.881163709677419,15.67,2.933919758064516,0.7026229363691462,1.6682215065970207,0.5016596569274906,0.5888089967163165,0.5705739913900545,-0.5034530964012913,2.726442242007997,0.3962181917244066,0.211828187093665,0.1321196829970802,0.374323248879805,0.1232616468475052,0.6868928653266136
NRY_O_20_P4,NRY_O_20,7.58444421657096,17.894000000000002,3.3460092698933552,0.7509952041290102,1.7486822696624431,0.4730870597351908,0.5938931939277237,0.5833053978503202,-0.458297248806839,2.80650934241344,0.3700349376005173,0.162418452051175,0.1044777904162377,0.3076284785587524,0.1107389774261115,0.6721100258091226
NRY_O_20_P5,NRY_O_20,7.296895315682283,16.556,2.9211141344195517,0.7443416523812931,1.6864722178554543,0.5083078050389067,0.5834793442221422,0.562025688117919,-0.4485950352329805,2.913487316991673,0.3992776641224504,0.1869767168734802,0.1237011089471549,0.3575421917212932,0.1191771123422608,0.7763120654800123
NRY_O_25_P1,NRY_O_25,10.431184243434764,18.837,5.960191204668612,0.887964915707709,1.7911075744908294,0.3338525880100835,0.5978863966925678,0.683135720970315,0.1458343461141037,2.246766544992316,0.2153894028289643,0.1273356844978656,0.0980464796405617,0.293721003367585,0.0896512070232373,0.8403928639648501
NRY_O_25_P2,NRY_O_25,9.320177272727271,15.969,5.310784710743801,0.883274138900202,1.7394442278023414,0.3403318383576627,0.601806401910197,0.6797677536403557,0.0599624699511321,1.946976946697386,0.2088991324654988,0.1286499731057513,0.096389272577111,0.2786008312210369,0.0925631238582807,0.7547886355090395
NRY_O_25_P3,NRY_O_25,9.473303543307086,18.379,5.292302401574802,0.9050001701433744,1.7235126531165377,0.3360112309779325,0.5753226576124727,0.6782641681423531,-0.1533622639012666,2.059545230071885,0.2174051766267913,0.1115955578889639,0.0865710819934374,0.2593437842842294,0.0850690178591691,0.8040568655439235
NRY_O_25_P4,NRY_O_25,6.932890959555908,15.717,2.8644507137192705,0.8749363861514398,1.5454599414802193,0.442148887442135,0.5454795505331188,0.5843159403362713,-0.58754316535383,2.3973728904734353,0.3457969993266706,0.1716765392659624,0.1187402619683125,0.3364164946853538,0.1086060019754248,0.7374828806699908
NRY_O_25_P5,NRY_O_25,7.953244857594937,16.692,3.871231170886076,0.8536916364476802,1.6655096901541755,0.412327070420612,0.5762268073662822,0.6163751744847574,-0.2536020673867997,2.5479349473289297,0.3203642026556976,0.1670574311806051,0.1090909561130568,0.3153134185910694,0.1118269748719324,0.8069256634130217
NRY_Y_03_P1,NRY_Y_03,3.2569385113268607,13.015,1.391722208737864,0.5519747887610849,1.0463875784008887,0.5148943158348447,0.3863988850631336,0.5657139482551665,-0.1151856736647632,2.0023992131137813,0.6148102600494025,0.2950789178542164,0.1563745634167784,0.4234701679080771,0.1541325943047189,0.933417867094206
NRY_Y_03_P2,NRY_Y_03,3.4246133093525186,10.97,1.463773965827338,0.5410465966355111,1.0806927326989584,0.5536466547508526,0.4349027488783763,0.5467615702734521,0.020082198301621,2.272904088243768,0.6636965645249738,0.3095092305136463,0.1768546749014877,0.4394673577088018,0.1630319938078194,0.975818891399786
NRY_Y_03_P3,NRY_Y_03,3.808884775217228,11.853,1.5451260672459388,0.5648650371877609,1.1905011905122216,0.5513886241760763,0.4641421816181312,0.5300682820815945,-0.1029463263461583,2.3847398491319645,0.6260992363561216,0.2933670078374349,0.1854772695005787,0.4757398032292296,0.1447438352224743,0.8847133631940209
NRY_Y_03_P4,NRY_Y_03,3.949582467802243,11.746,1.7325759451599498,0.6609398780432924,1.207502527165736,0.4712592643280326,0.4707705139101731,0.563322480247611,0.2611648498514921,2.241775726268866,0.5675981561454289,0.2936108687943038,0.1858383800241383,0.4766660334346065,0.1361614897428124,0.9125996263401746
NRY_Y_03_P5,NRY_Y_03,5.187689316414245,11.767,2.2595272206303725,0.6420857729851487,1.441086040982695,0.5087201868854473,0.5618380093121608,0.560408996344281,-0.0041687023989761,2.7961848314482776,0.5390039111634799,0.2660655880519437,0.1936752457713588,0.496767197197452,0.1275359356223428,0.8570039826074294
NRY_Y_12_P1,NRY_Y_12,3.8958649544324766,9.586,1.0996546396023197,0.4650979259673225,1.2974197513398638,0.6992087873144247,0.5410660615823143,0.4705273473160983,-0.2507402230708546,1.6582934133405722,0.425654747465994,0.2278147455404601,0.1670774556585227,0.4006342411147512,0.1371463114275698,0.9199263677368714
NRY_Y_12_P2,NRY_Y_12,4.114932010135135,9.815,1.2073104307432434,0.424601539165103,1.2891942671801124,0.7067064052487018,0.537635768252551,0.4861276462665944,-0.2911361938128298,1.7926452761690743,0.4356439600347622,0.2146340813142769,0.1637321897675248,0.3926126438484736,0.1496766005216404,0.9631437700984636
NRY_Y_12_P3,NRY_Y_12,4.292978305362259,9.437,1.337783913221449,0.485909349053338,1.354017394787265,0.6419156633687443,0.5646691121781608,0.502153949063386,-0.4271201090521438,1.8361842375358932,0.4277180332456743,0.2411142840181245,0.1699931036705127,0.4076256596998459,0.1418786688514117,0.8175406122810668
NRY_Y_12_P4,NRY_Y_12,4.612280653950954,10.25,1.2430953289217592,0.5408442692975374,1.4222996535182033,0.6763567511887691,0.5723754868777652,0.4780739883669533,-0.4589723204601478,1.6844841635050938,0.3652171864394543,0.2104494105463876,0.1432238653905105,0.355897935517221,0.1270650856628207,0.8141962001451124
NRY_Y_12_P5,NRY_Y_12,5.155229927007299,11.009,1.4940303325223034,0.4854927451828741,1.3884398233807316,0.6924666082855373,0.5413127628979132,0.4962587669425088,-0.3566649855788253,1.787277864943554,0.3466921728515608,0.2122858964498454,0.161089641357578,0.4131867720938292,0.1477542192935791,0.9728097313062308
NRY_Y_15_P1,NRY_Y_15,1.8948640636297904,6.138,0.4450368763557483,0.2072135538464124,0.8673359249394731,0.6851623432063887,0.4171004125650068,0.4260324502050382,0.1791878392000515,1.1122208241013505,0.5869660232886504,0.2123965633478811,0.1743235800376657,0.3624956940246718,0.1315976301782397,0.7599741986605171
NRY_Y_15_P2,NRY_Y_15,2.623109956017593,7.385,0.6768494202319072,0.3473606652384847,1.0616548220081476,0.6599735770072009,0.4831799320646743,0.4353109659901821,0.0541871304514099,1.4906116848551898,0.5682612280265358,0.2736891151337168,0.1918153425385909,0.4214613849359575,0.1285461300396161,0.7299644831279254
NRY_Y_15_P3,NRY_Y_15,2.4965801713586293,6.949,0.6141432476540188,0.2921809850314036,1.026596819008716,0.6808508520563454,0.4936887132587531,0.4301753219707354,0.0187364925952475,1.3744286229463447,0.5505245289993576,0.245500567728142,0.1926368946791415,0.4005771612560103,0.1279730556993947,0.7217881231871296
NRY_Y_15_P4,NRY_Y_15,2.6467442528735634,7.744,0.768322249589491,0.347559305914825,1.0752810131385293,0.608111911711153,0.4893814789028685,0.4549120971647352,0.1481996023902554,1.3663083722237972,0.5162222873405315,0.2486742475490412,0.175176458454312,0.3849020198865316,0.1240927996021945,0.7674727686711282
NRY_Y_15_P5,NRY_Y_15,2.133466640956421,7.916,0.5522944465869648,0.2284119527914217,0.894700519348105,0.6464922153432656,0.4071957543970244,0.4498395355244928,0.0759656090573088,1.4605851675832364,0.6846065176479461,0.2441911481466321,0.1988038012693348,0.436816598216848,0.1380835108790779,0.7853710566535581
PPO_O_05_P1,PPO_O_05,22.60585085945399,30.48,13.460697472194136,0.8354430465852098,2.3132703661185143,0.3973180227832131,0.6674687370869153,0.6881814374371973,0.6916995220736011,3.8986157184601096,0.1724604724103834,0.138569315336006,0.1244632847481757,0.4313568745321383,0.1106045366554247,0.8147990541425212
PPO_O_05_P2,PPO_O_05,23.29520341939986,32.97,14.393310642009771,0.8244739658021084,2.3032088591719257,0.377106636666175,0.647815296656795,0.6982988532496789,0.8903820068868409,4.088359366284698,0.1755021964255517,0.1655255217360811,0.1434061656065947,0.5098588328950364,0.1104578655738776,0.8107490525472987
PPO_O_05_P3,PPO_O_05,24.138538592750535,36.313,14.436477228144993,0.7978178256350538,2.2366410110215975,0.4213650475106826,0.6148695626194692,0.683306593629305,0.9774908881821198,5.662407270472359,0.2345795396318207,0.199222346093542,0.1582148239535125,0.5755200538768437,0.1366617493679769,0.953804510685722
PPO_O_05_P4,PPO_O_05,22.44942144951822,35.879,12.775155006284038,0.7713514424698976,2.1163313387256855,0.4716561979358223,0.5860923427018384,0.6541010937342642,0.8907035064043132,7.95985226251498,0.3545682582695602,0.2335755281685814,0.1839433345176866,0.6642042815214233,0.1567281951559246,1.079451430342904
PPO_O_05_P5,PPO_O_05,24.813664552238805,32.379,16.235470037313434,0.8587483535377237,2.2383642661773884,0.3575264055426839,0.6347519632641732,0.7182776530655005,1.434884330074903,4.367210092960595,0.1760002068121197,0.1567477387335677,0.1384515571403185,0.4882301056712581,0.1207986466659955,0.915430633108696
PPO_O_09_P1,PPO_O_09,27.28521779661017,37.603,17.488165550847455,0.7858055148861564,2.146892730877337,0.3999871027949664,0.5860124486086955,0.6933617173824832,2.543044023019897,7.0738982666181265,0.2592575334874902,0.2014933121075868,0.154225750173886,0.5650155431826215,0.1441055724080465,1.1615348793394864
PPO_O_09_P2,PPO_O_09,28.308331386861312,38.886,18.421650291970803,0.8089583840407125,2.25578971399858,0.3862811486254068,0.607444711851393,0.6996995928269956,2.360929519322417,6.415852986144382,0.2266418637843896,0.2002479889648373,0.1642504007840948,0.609955700296802,0.1301506997550153,1.0633067263441214
PPO_O_09_P3,PPO_O_09,30.12473808303434,38.562,20.582200051255768,0.8435347544907286,2.3692083279058544,0.3188638481933148,0.6379863606655305,0.7356444996456658,2.927517979540925,5.069396583594878,0.1682801878516534,0.1633151315857398,0.1521227918036264,0.5649189503510222,0.1039221186242007,0.9955090089282754
PPO_O_09_P4,PPO_O_09,30.603291666666667,39.212,20.35221511363636,0.8271757234899185,2.3926173086681977,0.3397427572852192,0.6442899897164456,0.7236220345019249,2.5387419252619026,4.911261222922177,0.1604814696541797,0.1659861729729707,0.1573720633275422,0.5844124984527825,0.1116572339032307,0.9919853993199426
PPO_O_09_P5,PPO_O_09,29.755309329549487,38.763,20.329073288400146,0.8367723931912779,2.3206000184269,0.3209092998950927,0.6290799271954807,0.7344635498098827,2.8037179946197015,5.105290753104764,0.1715757916196417,0.1650746835191357,0.1570343738185076,0.57928087516874,0.1060740654304075,0.9408515345865904
PPO_Y_07_P1,PPO_Y_07,21.002859009900988,26.653,15.638981584158415,0.9229019052354857,2.013301804333483,0.2216888899290714,0.6041951501432984,0.78639719164234,2.829447397092551,2.9230634178673354,0.1391745484026422,0.1092924135496026,0.1031444648179902,0.3436984508661146,0.0807557549154864,1.0807331218345388
PPO_Y_07_P2,PPO_Y_07,21.38470579710145,27.266,16.18419053140097,0.9192853671957626,2.0220634908567585,0.2244077657315596,0.6005006963896251,0.7940877536462955,2.777155443765798,2.636568815662669,0.1232922650738565,0.0997921863834193,0.0986902203009802,0.3323191672799371,0.0756149442138372,1.0371547323502273
PPO_Y_07_P3,PPO_Y_07,22.339640186915886,29.195,16.809456865564343,0.9210812219972304,2.0322580750976535,0.2342761837531998,0.5918071192703666,0.7901777916488345,2.690276509661417,3.072717545880239,0.1375455253607845,0.0980728421309299,0.1050545203288314,0.3607558785825318,0.0814600897338874,1.0171025462699492
PPO_Y_07_P4,PPO_Y_07,21.684099385616193,28.543,16.00637947235273,0.908936866947598,2.010846906082054,0.2440764751204325,0.5912173509610782,0.7797790365041399,2.4943289032938023,3.7558414295755345,0.1732071672788454,0.1426222599761253,0.122160046814214,0.4154904313682312,0.0908987530347903,1.0360369846773188
PPO_Y_07_P5,PPO_Y_07,21.354680815876517,28.203,16.173502260198457,0.91479449912624,2.007927968168227,0.2191490324306954,0.5903591420463102,0.7955308277714006,2.95188517579641,2.950128197856583,0.138149018629361,0.0988267808236715,0.1031624090147751,0.3508757154270134,0.0725731397772309,1.0682687322726674
PPO_Y_09_P1,PPO_Y_09,13.128347532686629,26.454,5.960872711935892,0.7526520857272743,1.907307488144724,0.5217051583112196,0.572386083243264,0.5682163104914889,0.0145236573898735,7.041101919941107,0.5363281176408796,0.3155551817201639,0.2082486992106521,0.6939272547478545,0.149060219308966,0.9591960950338216
PPO_Y_09_P2,PPO_Y_09,14.670126254180603,26.393,6.448004013377926,0.6623509684623614,1.912315623133381,0.5971229757485862,0.5738890327091098,0.5606409967955941,-0.0841621974905795,7.650797077900034,0.5215222381415945,0.3309046333029991,0.2298172792244818,0.7657981743480126,0.1590627624490082,1.0006310191131813
PPO_Y_09_P3,PPO_Y_09,15.545501523229246,29.74,7.118646991622239,0.660063221305953,1.9082967369822623,0.5971711176628678,0.5557087500180045,0.5606959954831695,0.2057553496253736,8.32802870628512,0.5357195259246387,0.3358550566358623,0.2275583110970728,0.7814323285815982,0.1659895849215597,1.0859857989466235
PPO_Y_09_P4,PPO_Y_09,15.951125214408234,27.923,7.9350853344768435,0.6511771513689792,1.8745351153355407,0.5620623268125208,0.5458771403944669,0.5881135903955175,0.2246936560339211,8.488155621551504,0.5321352260393752,0.3467163312609828,0.237252665503139,0.8147226175677739,0.1674976619871076,1.0526170985535344
PPO_Y_09_P5,PPO_Y_09,15.743312013828866,28.017,8.306832065687123,0.6073851214061048,1.736071551139836,0.5097817989312465,0.5104295212327322,0.623784746886344,0.427352736614505,8.58970918398768,0.5456100454874114,0.3618294701340941,0.2583379540459705,0.8786583728851133,0.1681480789761857,1.0456263567516944
PPO_Y_13_P1,PPO_Y_13,16.096048307184144,21.216,10.489503798513626,0.8640012618350688,2.0011365878656697,0.3414936477979052,0.6382204686264004,0.7135946903345483,1.164084673863005,2.024549014562259,0.1257792581088765,0.1390063402653589,0.1097321620034292,0.3440645592631529,0.1337141015839439,0.8486021474413266
PPO_Y_13_P2,PPO_Y_13,15.41372559931507,20.552,9.982723801369865,0.8413346092523021,2.0377003615616167,0.3473883092569599,0.6592275558518201,0.707877628082631,1.147902187144776,1.9408992779956735,0.1259201914222425,0.1357101111864553,0.1062314698836351,0.3283659832929718,0.1166165297647703,0.7928838806772549
PPO_Y_13_P3,PPO_Y_13,16.066232488822653,20.705,10.806974031296573,0.8618708803642741,1.998780994188719,0.3209182841894205,0.6466365390799174,0.7319721608828811,1.402620897944747,1.818480877418737,0.1131865157985148,0.1344193373077239,0.125298212442748,0.3873020939904434,0.1104488630406516,0.8792141215601156
PPO_Y_13_P4,PPO_Y_13,15.926298489666138,21.183,10.361858147853736,0.8797682198506779,2.0476529137065493,0.3362714539126883,0.6530558733943519,0.7183424554639715,1.167249744313182,1.9092003541751337,0.1198772178867505,0.1111114568075396,0.1200415524353194,0.3763895933320998,0.109653512354647,0.8516135496555958
PPO_Y_13_P5,PPO_Y_13,16.174696272799366,21.246,10.78754175257732,0.9010929127738592,2.039429234350543,0.3178018420514847,0.6504331036522718,0.7301172052549755,1.245313261215957,1.9377285376298683,0.119799995310484,0.09627895683731,0.1205940775351037,0.3781220325866291,0.1004582471874517,0.8471793332205949
PPO_Y_17_P1,PPO_Y_17,13.679455864570736,21.249,6.992810076582024,0.8009355533201071,2.0465952919277792,0.465112301112994,0.6439775413444492,0.608811522584296,0.1184513795231075,3.494053196762262,0.2554234050940378,0.2006182890880351,0.132921702853512,0.4224323268899755,0.1478271717411484,0.8177568960508448
PPO_Y_17_P2,PPO_Y_17,11.58020015576324,19.862,5.322525778816199,0.7659877249568952,1.9291601203581183,0.5146409588271773,0.6336494999855119,0.5683564184237058,-0.0443284878209419,3.593516728694619,0.3103155973436431,0.2393280256090252,0.1523232798782832,0.463751643377058,0.1551513237564185,0.8529356495889252
PPO_Y_17_P3,PPO_Y_17,13.874150666666669,20.179,7.593350755555555,0.8506398237068835,2.104757441796582,0.4050509114612981,0.680921557550862,0.6333370185433269,0.2459412983596681,2.7781074931546077,0.2002362205730653,0.1395562469777053,0.0978458568003678,0.3024456972551556,0.1345031495277236,0.758774205131945
PPO_Y_17_P4,PPO_Y_17,14.867347639484978,21.664,9.498218347639485,0.8611564624796888,1.9695097542382085,0.3228702520029325,0.6281337545553654,0.7014256229992026,0.9325719990388736,2.5755130547187326,0.1732328534431143,0.1706886705538055,0.1141641808548262,0.3579611287365972,0.1247416662531388,0.8035420070585978
PPO_Y_17_P5,PPO_Y_17,15.478109375000004,20.954,9.6634321484375,0.8665821107081781,2.108696012779223,0.3297704710555452,0.6821957461270692,0.6915209980819566,0.8306400477872181,2.0864030801925857,0.1347970239545219,0.1331535456334309,0.0997711320333016,0.3083968047345531,0.1108809205333133,0.6845632150820473
PPY_O_09_P1,PPY_O_09,13.534169819078944,19.704,9.313099054276314,0.900270243867807,1.8685291863637132,0.2489503984081905,0.61373473987629,0.7449727737492039,1.2352762227434806,2.4320915874334936,0.1797000939063883,0.1422766169019645,0.1140970086481172,0.3473709029063163,0.0906449626821625,0.8463922902997226
PPY_O_09_P2,PPY_O_09,14.41663016710642,19.482,10.500620008795076,0.9240870473078822,1.8214320025929287,0.2215022997847856,0.5982652582961174,0.7730682485617847,1.8284691484347944,2.186545130905311,0.1516682543396461,0.1221459029655085,0.1003235675859224,0.3054373525478031,0.0822807484757156,0.8964053632245684
PPY_O_09_P3,PPY_O_09,14.922818627450985,19.762,11.148855777310924,0.935006703900168,1.7849235061844098,0.207610457390867,0.5862737236120049,0.787120184251059,2.471284830169292,1.79895638592172,0.120550710347205,0.0993668943256516,0.089062011837883,0.2711512933892239,0.0815567955376054,1.0082014704104003
PPY_O_09_P4,PPY_O_09,15.094589895311788,19.459,11.353365725989988,0.93647203113736,1.752340827818002,0.1946952066040402,0.5755716581705783,0.7934533016873055,2.1874459666621533,1.6728504915803306,0.1108245075343119,0.102184659452372,0.0828729962318454,0.2523086965092221,0.0781695127521828,0.9933273210442756
PPY_O_09_P5,PPY_O_09,15.006770943796392,19.341,11.136733191940614,0.9113767501237856,1.8095385104003696,0.2061545799620602,0.5943587368511801,0.7833475097811441,2.15419146086692,1.8472921766333237,0.1230972461398813,0.1284888219725489,0.0841442133130031,0.2561789454360241,0.0761966507692657,0.9422903045433496
PPY_O_24_P1,PPY_O_24,5.791252943947244,11.628,2.59380414507772,0.5272834564237837,1.3972682353557326,0.4603381509028355,0.5447547068681982,0.5799204014045883,-0.2178646507489824,2.6488651252562705,0.4573906805477638,0.2998044047798604,0.2430666818208205,0.6234537293566215,0.1458358512215607,0.7293396051270169
PPY_O_24_P2,PPY_O_24,5.199701204819277,11.602,2.288802530120482,0.4761395066880906,1.299088827903914,0.5006474261698393,0.5064773790269247,0.5768349843838305,-0.1741961132751252,2.6384946358962273,0.5074319719469211,0.3118660653420443,0.2471954419438573,0.6340437899813175,0.1604824826416014,0.7746695659469182
PPY_O_24_P3,PPY_O_24,5.225723370429253,11.586,2.330600755166931,0.4634459338550115,1.2650274944266997,0.4996191080809141,0.493197844529244,0.5811787923437575,-0.1564725603054164,2.7239654397218067,0.5212609330099411,0.321991043403644,0.2559548606015063,0.6565112552389908,0.1629342537083318,0.7878228800558655
PPY_O_24_P4,PPY_O_24,6.371609595070423,11.799,2.9467240757042252,0.5726646055280258,1.482353665466911,0.4723850313568672,0.577927069458384,0.5802286145817939,-0.1674189990756192,2.563534930368868,0.4023371005581101,0.3010485224110215,0.2327915586933594,0.5970985588930017,0.1447049788853236,0.7399060247459076
PPY_O_24_P5,PPY_O_24,5.379389723320158,12.042,2.1206530830039525,0.4781037801841746,1.3760463724488905,0.5723354336872639,0.5214158696012491,0.5321482420623271,-0.259461184064873,2.850841012014475,0.5299562141139937,0.3138752452938519,0.2302415146010684,0.6076205566896682,0.1508297304655842,0.7689720924412407
PPY_O_31_P1,PPY_O_31,13.60197882664314,20.078,8.340109263343628,0.8773996966076909,1.9516675938877583,0.3290716240583921,0.6313946260321774,0.6856748837513257,0.7676566846525998,3.152590675865819,0.2317744142999708,0.1697217709975416,0.1274215496028876,0.393865419295228,0.1185322216513853,0.8155703213375438
PPY_O_31_P2,PPY_O_31,14.064418512658229,20.017,8.729269818037976,0.8942622848017553,2.050672246892433,0.3129732295651097,0.6634241612128119,0.6941815150605773,0.8428486866535001,2.252763946098398,0.1601746950342007,0.1236643887937945,0.1083856167221363,0.3350245426215464,0.0961668448085808,0.7350833121012046
PPY_O_31_P3,PPY_O_31,12.904586355475764,18.197,7.568263231597847,0.8526564943433517,2.035866373882461,0.3606707657518049,0.6795888911218385,0.6639646937402925,0.6193842313096983,2.575148391985868,0.1995529590061724,0.1578277270562865,0.1192191376515658,0.3571486182880715,0.1136232018866395,0.7592440521125378
PPY_O_31_P4,PPY_O_31,13.056022520571675,18.502,7.793782849718493,0.8436183248277638,2.0192890939915418,0.3397303894665926,0.674055259149028,0.6767525176287463,0.6947975828099002,2.681269817465829,0.2053665129055266,0.1732145533419612,0.1282674250888737,0.3842548649844078,0.1073164518438227,0.7839120985088579
PPY_O_31_P5,PPY_O_31,13.518751143641351,18.541,8.687241399817017,0.8672317805282278,1.9806958562387056,0.2977163692296408,0.6611725198957464,0.7055657660626968,1.215317458274326,2.564194710537958,0.1896768927316223,0.1510693867353667,0.112395177775674,0.336705861454425,0.1033750749394626,0.8227844363644772
PPY_Y_01_P1,PPY_Y_01,3.6971754166666666,8.689,2.2002800416666664,0.7838666501670006,1.0454557694626356,0.3220645460270753,0.4540356717515408,0.6743329859393553,1.0580810644419123,1.1326888446578462,0.3063660002583989,0.1813694886763675,0.1609071192171809,0.3705023340660967,0.1385199739584592,1.2277764723325602
PPY_Y_01_P2,PPY_Y_01,4.207515746421268,8.248,2.371517627811861,0.788159829257216,1.1840834326932663,0.3328917057698323,0.5142409009317461,0.6610114937701695,1.065195043890777,1.1748251157576757,0.279220610584032,0.1670430322020879,0.1554569514698896,0.3579528590568667,0.1257596632072421,1.1953445103055635
PPY_Y_01_P3,PPY_Y_01,4.102354482194023,8.528,1.9297824805566923,0.7209049850123302,1.2368831419083917,0.4078763558442045,0.5371715232899712,0.5847147504982438,0.6054587819074754,1.4104396331161884,0.3438122276458801,0.2469753675214281,0.1625418727145465,0.3742664930998505,0.1289850131943531,0.997507222532103
PPY_Y_01_P4,PPY_Y_01,4.137140343698855,8.05,2.1059784779050736,0.7728279776045258,1.180472749741049,0.3714629708584143,0.5126728012496959,0.6126741084017648,0.9515928373225964,1.2853977466001942,0.3106971578950523,0.2307425041821806,0.1707921664127137,0.393263496382073,0.1329755257522536,1.0899625547325107
PPY_Y_01_P5,PPY_Y_01,3.818252905811624,7.609,1.967513947895792,0.7319057366127957,1.1681144250743278,0.3887836513072922,0.5316317854456545,0.6128907418894787,1.2350104882838475,1.2424300297901778,0.3253922829205787,0.2484520419957641,0.16258881193366,0.3572441335805343,0.1359056792444885,1.116932023326637
PPY_Y_22_P1,PPY_Y_22,4.849305279872965,9.13,2.193381937276697,0.810285477520459,1.4838535283583596,0.4241213569159869,0.6188149854545923,0.5494145232897367,0.2289900194366523,1.3144708836432712,0.2710637519767998,0.1332621620140934,0.1003104559903808,0.2405339682315831,0.0867531770632308,0.6105943941153763
PPY_Y_22_P2,PPY_Y_22,5.481904276985744,10.492,2.4584751527494912,0.8160576727702463,1.5673354592408737,0.4323063326607501,0.6307421887959416,0.5459904215971771,0.1366385648352525,1.6816157653528148,0.3067575937822578,0.1496421696768884,0.1123952666662972,0.2792917455437775,0.0944196233470557,0.6302665339295361
PPY_Y_22_P3,PPY_Y_22,5.115434748427673,10.322,2.428347366352201,0.6892989613953057,1.439286018219736,0.4575424768719149,0.5792113029044889,0.5573382853036523,0.4438295488203809,2.226158341437338,0.4351845836996728,0.2913739604755564,0.1663497196840442,0.4133635246332513,0.1291999166505945,0.8266876685285081
PPY_Y_22_P4,PPY_Y_22,7.224489954899549,11.105,3.791551045510455,0.8617488866804959,1.742240370775345,0.3641274672517426,0.6792494228812358,0.6036187985650808,0.6620278824451248,1.545178255320403,0.2138806012558,0.120725783517612,0.090436209300199,0.2319642969358026,0.0969704440064664,0.6687421734486981
PPY_Y_22_P5,PPY_Y_22,4.970368772067478,12.081,2.2182593566104356,0.7706124404946367,1.4706594550847192,0.4288951776441577,0.5572669599031118,0.5509669264877085,0.3912575358193242,1.846453838496594,0.3714923224355729,0.1897187155803469,0.1245861565283915,0.3287900095548455,0.1060635792870006,0.7702725148078104
PPY_Y_23_P1,PPY_Y_23,1.874183294663573,4.99,0.9098057076566124,0.2528718251883287,0.7254827056854019,0.4901193200858489,0.4048996074221738,0.6351231348864004,-0.464907571986688,1.1014976568203825,0.5877214144191311,0.2801783707021174,0.2460570013979509,0.4408749622246393,0.1885569747064816,0.7620004870237287
PPY_Y_23_P2,PPY_Y_23,2.1290295660467335,5.089,0.9970552694325228,0.2899252142961057,0.7643660505882951,0.4963115404168158,0.3928064463610378,0.623274989825298,-0.4217140837391995,1.187214858704244,0.5576319266005834,0.2963752487705364,0.2380240421790578,0.4631733993953986,0.1906800402012437,0.7646109878021731
PPY_Y_23_P3,PPY_Y_23,2.0149167082294266,5.03,0.9131913715710724,0.2433376444428357,0.6970991961469274,0.5116205402816828,0.3582381213671917,0.6166659955883157,-0.3837207886800084,1.1696949861581558,0.5805177858622281,0.2799798249463175,0.2495691171266605,0.4856390779075428,0.1958028131034278,0.7517015305392345
PPY_Y_23_P4,PPY_Y_23,1.9225600691443387,5.035,0.720859507346586,0.2215389342443912,0.7527162010369518,0.5844259980112608,0.3868196079877455,0.5550111674135596,-0.207395696759067,1.3270331525492238,0.6902427517595524,0.2717682864536094,0.2462861410329675,0.4792507014077198,0.1944372119558675,0.8029104740091381
PPY_Y_23_P5,PPY_Y_23,2.474322593800979,6.455,0.817964885807504,0.3272081096600054,0.9820241581416024,0.6592190697822868,0.4722537943280163,0.4965711133364736,-0.0596028995924386,1.423629867602523,0.5753614630401067,0.3030064681893702,0.2125279799359655,0.4419395102481454,0.176138699057621,0.8657879435410012
ULM_147_P1,ULM_147,44.225434523809525,79.974,18.871804861111112,0.9139988729090196,2.0992463185946373,0.5694766646923752,0.4777040863842045,0.5989817863683741,0.6728223299203,25.479113791616903,0.5761190153575492,0.1348388386728976,0.1343853606681763,0.5905496345886185,0.1828303001400835,1.305559514346607
ULM_147_P2,ULM_147,58.861943776657625,78.708,26.925373555641716,0.9433270412212263,2.280037893005566,0.5555268897615356,0.5203158454045432,0.6199564749882324,0.7786291109736571,17.3991529285424,0.2955925647742919,0.0932876816140268,0.1004935056053244,0.4403652181742805,0.1768141495849882,1.3426405422772567
ULM_147_P3,ULM_147,51.453496538461536,83.673,20.959554346153848,0.925101281474096,2.2059241855974667,0.6067999345284169,0.4965332766948133,0.5835174122450159,1.1253012651517136,22.29545551448657,0.4333127389665481,0.1086900920710946,0.1159259905925874,0.5150187477660431,0.1952810433287969,1.4854651483594314
ULM_147_P4,ULM_147,47.25638944614043,78.175,21.558749062363717,0.9308342924491656,2.231549148305221,0.531066902357976,0.5092504757153986,0.6109005218404375,0.9020668120160732,21.26169011972365,0.4499220183538621,0.1194641090092569,0.1222111485418621,0.5355325079645259,0.1728613139145804,1.3431699526703684
ULM_147_P5,ULM_147,43.79584066155708,78.822,19.607490964098425,0.9259738808858456,2.1224966379143915,0.5087977982422942,0.4816500709075269,0.6187855579628847,0.7094507910061526,24.89866786749163,0.5685167242227884,0.1489692294557319,0.1315495270120736,0.5797018326526138,0.17160993263343,1.2795198460966546
ULM_27_P1,ULM_27,25.68614123185563,52.589,12.179090898391529,0.8197881743503092,1.967511243844505,0.5438344194788288,0.4932361776525853,0.6238263361417262,0.2470066260436346,13.85718780010596,0.5394811028649352,0.1823807246094394,0.1277544293123252,0.5096103804047888,0.152518204620752,1.0745766784210913
ULM_27_P2,ULM_27,19.984036626916527,48.425,9.111239310051106,0.8555341400674535,1.9378361923388523,0.5103026597746957,0.4928591380579977,0.6156938525486623,0.0570687825486639,11.368247775269465,0.5688664401243918,0.1572804483176864,0.1204076762438592,0.4734219878323776,0.1507547954480108,1.0170407372657604
ULM_27_P3,ULM_27,24.53883946623534,56.637,11.26042288718156,0.8434305795643531,1.9776376357675312,0.5132165587750595,0.4870497210848424,0.619861308059973,0.2172327464816409,12.547023276667812,0.5113128228387539,0.1899226730604257,0.1362988901696758,0.5534338759346944,0.1626913358925471,1.0870973464549725
ULM_27_P4,ULM_27,27.985663872255486,56.637,12.456535648702594,0.8712968308385404,2.104283028942242,0.4504269867100009,0.5182397643500151,0.6399670200274324,0.3102601461389166,14.4188379964426,0.5152222960391228,0.1543692391884054,0.1344708963353335,0.5460114111467168,0.1533638496670929,1.0819800871262788
ULM_27_P5,ULM_27,20.006139359698683,40.335,12.337052994350282,0.8794606392607596,1.9280499341353223,0.356966685010612,0.5158427927134006,0.7130806468258287,1.183256984903293,8.222660165605449,0.4110068423380857,0.1583342290361712,0.1313225984535597,0.4908404864338966,0.1293127821990529,1.0581130861080457
ULM_310_P1,ULM_310,32.786805543889116,54.051,11.813391180176396,0.891139743530425,2.1670459512943214,0.596115424665964,0.5383494705026765,0.562014885078183,0.238698984818504,14.38011992455227,0.4385947238837506,0.14246134621742,0.1203834608784028,0.4845857677834277,0.1761847609264993,1.1787065309589826
ULM_310_P2,ULM_310,30.692208024931833,58.175,10.430917101675108,0.7866046294086082,1.96513713679098,0.6923734910495717,0.4799637907671485,0.526894953800511,0.6676666348962493,18.198471776561465,0.592934589840474,0.221969938087631,0.1348770239043611,0.5522330093915214,0.1937386899775618,1.3440615576717012
ULM_310_P3,ULM_310,26.38032333873582,56.033,9.93012390599676,0.8798803963581202,2.0907705473134777,0.6008207941562028,0.5149119300241379,0.5477928101826097,0.556978748487163,14.967108271626048,0.5673587878147399,0.1520849372530736,0.0991348857410807,0.4025315539086893,0.1822407259075679,1.23451265201278
ULM_310_P4,ULM_310,20.39245998383185,51.959,8.391032497978982,0.8743414637503342,2.067466754746241,0.5406437128119199,0.5207341927905068,0.5615031955749707,0.2777788370460041,11.6652597107417,0.5720378865517204,0.1469842746587202,0.0941294160765163,0.373721259475976,0.1726342101575565,1.069989198738895
ULM_310_P5,ULM_310,25.516096427034007,50.811,10.540012656048214,0.8818069721438317,2.0909170787671174,0.5541795844182714,0.5291794755494852,0.5693103640103984,0.2808694360102406,12.465015455567375,0.4885157685154707,0.1648817777621912,0.1042339199010584,0.4118536212721767,0.1732571710989467,1.118515761566513
ULM_325_P1,ULM_325,23.970347311297484,65.016,10.92040661075481,0.9324365115949153,2.2541959186229614,0.4472232273048572,0.5361143186132529,0.6203921473603051,0.2240742247813467,14.788187727746992,0.616936731691708,0.1190515750836369,0.1265415351616546,0.5320682589406117,0.1352390656795216,0.9444018093218546
ULM_325_P2,ULM_325,34.61479524004925,71.4,13.11803483791547,0.9176243264133424,2.366934641039524,0.5526042933815137,0.5499300288875172,0.569912329800776,0.0128164078783982,20.06576335025423,0.579687477886282,0.1353285959734418,0.1441529772861393,0.620443797618726,0.1485560198262642,1.0251601919301248
ULM_325_P3,ULM_325,28.75956819085487,72.41,11.589433041749505,0.9170755075002016,2.288573070664761,0.5209872103813229,0.5317236196725427,0.5855739341821815,0.1333583968666933,18.474927524335392,0.642392382310182,0.1199699640919295,0.1279786438575176,0.5508284137027498,0.1481912141973227,1.0258652310834853
ULM_325_P4,ULM_325,29.196953055801593,69.07600000000001,13.948237555358723,0.952386243620058,2.281865680995188,0.419726834141706,0.5353124669964682,0.6562044054239327,0.7211401990790972,17.38494775375548,0.5954370553848254,0.062056116599735,0.1133178868465341,0.4830378759695657,0.1391931287916295,1.0390548716913708
ULM_325_P5,ULM_325,28.233779031499765,75.512,15.393992853784672,0.9505225373222564,2.213783758662333,0.3673192643388492,0.5096415570377041,0.6888488735229353,1.004341070340964,15.80944501018054,0.5599478905229907,0.0717318395585016,0.104770886596509,0.4551043452503336,0.1301854752741869,1.0385252633946247
ULM_345_P1,ULM_345,33.20826182237601,73.412,17.659453594771243,0.9448914911423684,2.0527415616940865,0.3752475099087136,0.4754481095751656,0.6822584983012399,1.6601549377974607,17.980859654716355,0.5414574165577284,0.1076518679157112,0.1054122403641768,0.455116094793566,0.173903921462131,1.3839679933867235
ULM_345_P2,ULM_345,25.060281690140847,65.679,14.638740389395196,0.9393633112725084,1.9746982839496336,0.3570416211934238,0.4696415321402641,0.6927324397500063,1.7645401036515485,13.114831735515745,0.5233313774232374,0.1176528966629215,0.1025338301309973,0.4311232387896915,0.1621715769361798,1.2908545522976207
ULM_345_P3,ULM_345,29.599879868798688,75.371,12.900266830668308,0.9054809444463892,2.1419923495135325,0.5056691158579327,0.4931142492564629,0.5993454153962494,0.7507827138343532,19.923384971020504,0.673090061828994,0.1604483202735911,0.1126793893761644,0.4894573425033454,0.1639298616696586,1.1994252915799564
ULM_345_P4,ULM_345,31.840231199502796,63.141,15.633697700435052,0.904651962370112,2.166958427970791,0.4605258436269412,0.5191081439899482,0.6388910032817985,1.0030077758534135,14.985231762953504,0.4706382836562917,0.1453992094154992,0.1136533637890321,0.4744331549817537,0.1575783564382358,1.229844801766819
ULM_345_P5,ULM_345,32.760638888888884,65.781,15.600157604735884,0.9305435986730488,2.1434444649786366,0.4256514707363026,0.5097743542758915,0.6467887372501838,1.5784037896954348,17.02315498764674,0.5196221919048204,0.0957157362752229,0.1121705278724641,0.4716425906585388,0.1583081146738818,1.3899140948429431
ULM_80_P1,ULM_80,25.031164253619572,49.824,11.70437923115327,0.9201392180357892,2.222189097678309,0.4515135645210525,0.5651799711521223,0.6329230478788682,0.902747548073564,12.87256153548132,0.5142613985132518,0.1096222658395477,0.1105053647020737,0.4344878254891636,0.1518557594697177,1.1227219356180052
ULM_80_P2,ULM_80,19.936810448760884,48.477,9.527581279303416,0.8921245086092446,2.153745565784734,0.4540567019811684,0.5505452199019011,0.6220087543706253,0.813386362586835,10.655747071444944,0.5344760185602919,0.1449981325963467,0.1064370686142706,0.4163842610493608,0.149702773005738,1.0653268851173214
ULM_80_P3,ULM_80,20.419369517058044,56.773,10.151882498892336,0.8672766570198895,2.1466135060147016,0.4865404631471098,0.5286648526870543,0.6047552030918621,0.8538856171365481,11.961541796103475,0.5857938848753865,0.1779072952982845,0.119987583501416,0.4872027447806795,0.1607206016825405,1.1262139240269748
ULM_80_P4,ULM_80,23.945424275362324,52.183,12.95659822463768,0.8745217670715252,2.2585292085272,0.4642248040455438,0.5661915871717961,0.637859402606378,0.9546058567719192,9.06357477429261,0.3785096755883423,0.1512712942647497,0.10565547196365,0.4214579920952191,0.1508462964124396,1.0889736320972658
ULM_80_P5,ULM_80,25.676954832881663,43.33,12.930516531165312,0.8728915192025325,2.2872416108007445,0.4840185024359464,0.6008522207963722,0.6173151360467587,0.6319139977921944,9.538981484339626,0.3714997181879253,0.1607263975717081,0.1099714712400412,0.4186242745143202,0.1570793635647386,1.0329119087698448
ULO_107_P1,ULO_107,27.904704136690647,48.782,15.581373336330936,0.9128775426127242,2.286176062605706,0.4090020754069335,0.5814540816810423,0.680121946185636,0.9739923417305082,7.48128522948744,0.2681012202401613,0.1154342435239215,0.1094137032410496,0.4301956029744515,0.1245981030703345,1.0376455752371745
ULO_107_P2,ULO_107,24.341163432073547,45.827,15.054182362955396,0.9245796495337928,2.1855127605420708,0.3680106955956119,0.5676438896969473,0.6986550768249539,2.1500184896095105,7.9008323825358,0.3245872944645339,0.107313694951289,0.1126601859348869,0.4337583446854141,0.1320320336418228,1.1403811062348443
ULO_107_P3,ULO_107,23.783190342240975,46.206,13.77264308485701,0.8818485318963405,2.177258595947563,0.4305041316446467,0.5624245782672347,0.6643978083405153,1.347747762601362,8.102604764423479,0.340686200960708,0.1472195948380768,0.1154845392706451,0.4470638651687537,0.1469277046165616,1.120826575929709
ULO_107_P4,ULO_107,28.519142909896605,57.255,16.659358456425405,0.8630790550591506,2.232095951620968,0.4135658769451593,0.5474127417167081,0.681125061633898,1.6958319387176912,9.061933926734485,0.3177491678261426,0.1680330650925468,0.1155161345910271,0.4710213641701661,0.140090434307715,1.116725814012212
ULO_107_P5,ULO_107,29.81384838442419,54.859,16.06986975973488,0.8776981139806264,2.276982677446883,0.4652609974114792,0.5584210344530514,0.6505508042845934,1.0605325023520529,9.242086495247117,0.3099930735569015,0.1490704876751321,0.1135559974921273,0.4630288317542131,0.1445390706223173,1.124812892356088
ULO_139_P1,ULO_139,24.805269281621857,46.035,13.22952983693257,0.897124537202413,1.9899397895505455,0.4398714321854243,0.5061108948953401,0.6612036530090767,0.7787461767849014,10.482408574780573,0.4225879774079677,0.1368102202501015,0.1182941692136609,0.4651120467161008,0.1443394563221808,1.1070313750322982
ULO_139_P2,ULO_139,28.619350323316848,50.487,14.121126816279954,0.8904506070212762,2.067067971422573,0.4824373118460875,0.5231436273348103,0.6353018588027015,0.474271650014352,10.695020087172606,0.3736989123215395,0.1411635413126605,0.1100540069785371,0.4348502037786617,0.1531533492800995,1.0778542975882544
ULO_139_P3,ULO_139,31.011369913686806,56.105,15.386376736539251,0.922894004857447,2.0853802594338213,0.4965799159240636,0.5135844177636146,0.6387605846264495,0.1096821262387457,11.925581444680269,0.3845551318072194,0.1021160410903343,0.1125497153013318,0.4570017048342822,0.1448347977632477,1.0038014891990734
ULO_139_P4,ULO_139,36.2246005202527,57.58,20.683747937569677,0.9090059063702652,2.220670052170399,0.4449354088558864,0.5446105848738209,0.6772377085285146,0.4128320288963207,9.137565177391275,0.2522475071128137,0.1116390217092914,0.0995902016785248,0.4060827763903072,0.1250436070401483,0.8957959694282441
ULO_139_P5,ULO_139,27.70049069579288,50.232,14.57800210355987,0.8508201029158026,2.056707630288262,0.5008006000023587,0.520521581753165,0.6445783100613636,0.3569195867783836,9.93276657987764,0.358577278971676,0.1720431900005555,0.1255212028994011,0.4959648645050435,0.1437018314731477,0.997233260668326
ULO_188_P1,ULO_188,25.863890681726502,45.701,14.985102218636548,0.8455266106619088,2.0183408070706688,0.4012010319800132,0.5242242677070911,0.6873110869531303,0.4752578766410763,8.474749812744578,0.3276672453124851,0.1415587012697036,0.0979622674374629,0.3771691890324271,0.1314780211602914,1.069615647876764
ULO_188_P2,ULO_188,26.607364649681532,41.456,14.602894705414013,0.8021834159215148,1.9183452828830867,0.468452615943799,0.5069368790846709,0.6730196176705242,0.6716705670605188,7.979921489245034,0.2999140123161557,0.1870988757161233,0.1229100314167272,0.4651148667917471,0.1549040283594764,1.2284012744695243
ULO_188_P3,ULO_188,24.23990952955368,45.066,13.6598182951347,0.833137185454023,1.914705086709959,0.4161710089859688,0.497306930741963,0.6827444700478164,0.5977893062126934,8.837952722727664,0.3646033708150722,0.2072176584842392,0.1301384126890889,0.5010520975052496,0.1500991810083145,1.1420829325047943
ULO_188_P4,ULO_188,21.75231457323891,41.95,12.375870667163625,0.8009441114712259,1.8846739575439804,0.4228595871806694,0.5010831382462744,0.6833790712793445,0.6924842559480098,8.274808965650042,0.3804105047207363,0.2116045271937514,0.1337406518766449,0.5030253553113693,0.1480130650667604,1.140936322774141
ULO_188_P5,ULO_188,22.041809834420473,44.431,11.226594530858003,0.795060311798685,1.952563454051761,0.4432744137968771,0.5099885969582532,0.6559379937349729,0.1057650703985575,8.160732502655216,0.3702387673226099,0.2015946845721778,0.1261796857621241,0.483096768304854,0.1469709647362578,1.0244586355528118
ULO_237_P1,ULO_237,40.509138083735905,53.058,22.842040740740742,0.7738804841138088,2.0042897776639297,0.5589196687660409,0.5001555111638809,0.6740118771324413,0.7624249042563197,7.701238056658749,0.1901111309932001,0.1648304111943139,0.1114349421755577,0.4465569417745741,0.1485569547281477,1.0273180478994015
ULO_237_P2,ULO_237,41.74584082535004,55.425,20.172346241709658,0.7390444687967017,1.9646599126454436,0.6473163212732268,0.4859349492487913,0.6330456149890094,0.0228282135682901,9.814301130638048,0.2350965015101179,0.1695328588857037,0.1117246499428943,0.4517084875999902,0.1508674307994849,0.9999643532522496
ULO_237_P3,ULO_237,36.18373032786885,48.594,13.88794881147541,0.7284885603784529,1.923602648497284,0.7260965218352832,0.4917155767816753,0.5774967677813896,-0.3160779708330127,10.153400705774938,0.2806067979661773,0.1836624734084373,0.1238116670608954,0.4843540898826331,0.1635634618624179,1.0401690674878503
ULO_237_P4,ULO_237,32.91843785919541,48.158,10.717238074712643,0.7418658695656901,2.0018582699315655,0.7482005767955289,0.5117194523533929,0.5498859905773154,-0.6619206636431683,7.514441093617218,0.2282745349508783,0.1467904661584886,0.1041202352444919,0.4073207556070431,0.1470572919675716,0.9176639905146772
ULO_237_P5,ULO_237,32.62271566653242,44.008,11.343832380185258,0.690504367809511,1.9796560779689685,0.7459233211755274,0.5141766713280542,0.5474611867340228,-0.4730749328692959,8.76853451113241,0.268786161175663,0.1687841407451365,0.1153592782688733,0.4441502485619061,0.1592282034149712,0.99196817048961
ULO_271_P1,ULO_271,20.690997594226143,31.542,9.389400160384923,0.6204809294750223,1.6856429310864702,0.6754259094589172,0.4820933178189638,0.6041401471372173,0.8891237300424387,5.704755718761321,0.2757119705215781,0.2357831445585029,0.144341933892638,0.5046926632923038,0.2031433472280692,1.4210025776723174
ULO_271_P2,ULO_271,20.170975191535938,34.757,11.318147719810288,0.712612208202338,1.7440671076566243,0.5309940732742082,0.4866911931008301,0.6600394709676769,1.1774316250136836,6.076173500845125,0.3012335022550018,0.2190989487176373,0.1288631589231153,0.4617835704702633,0.1772675775864904,1.3342490686463155
ULO_271_P3,ULO_271,24.72203274161736,38.507,14.33018291913215,0.7953221617848296,1.8837145708329508,0.5215309710264555,0.5106468222300358,0.6745071960998206,1.366859849933647,4.696839165949985,0.1899859617143565,0.1558489285006308,0.1004280558130272,0.370466991705284,0.15692900828873,1.2064681970689273
ULO_271_P4,ULO_271,23.8278451433121,42.461,12.651876910828026,0.7261484764546848,1.870165939308717,0.5788704630293667,0.4942051324664436,0.6405240356242331,1.1166758400591543,5.967782166564392,0.250454127541592,0.1975993886675942,0.114379490997544,0.4328336841657533,0.1760756112036795,1.3172282218688434
ULO_271_P5,ULO_271,20.160564593301437,34.352000000000004,8.210449999999998,0.7510002705481267,1.849096666214688,0.6502858834280502,0.5083306855208001,0.5925154693699264,0.0382963202477125,4.884210511351138,0.2422655619959159,0.1814777949741249,0.109551364139715,0.398502525973773,0.1663756039410044,1.150495137166474
ULY_Y_231_P1,ULY_Y_231,27.391617717478052,49.68,9.046579888268155,0.5432441929868365,1.675184542673099,0.9394636680989464,0.4260576890110915,0.4602046824923735,2.041020982521283,15.370559490447668,0.5611409902468087,0.2937594963904775,0.179518416242954,0.7058351105301217,0.2214046696408396,1.755075390314483
ULY_Y_232_P1,ULY_Y_232,14.649491176470589,51.787,3.627471386554622,0.474322880806667,1.4636431226847146,0.8368515744362569,0.3686487428515626,0.4468968730314531,0.6392795352227196,15.088665944990034,1.0299788411234945,0.2737546874214489,0.1580084862015366,0.6273398150385731,0.1683062238269241,1.3048622334535334
ULY_Y_232_P2,ULY_Y_232,14.269388259958072,56.115,3.833765283018867,0.3413544676898074,1.197434382563011,0.8046113010033127,0.2949023984458953,0.4610160846528172,0.5627596231739942,18.217455219820124,1.2766808841371908,0.2861543209240047,0.1641021261343644,0.6663273310780868,0.1736068263614581,1.2660911969232878
ULY_Y_232_P3,ULY_Y_232,12.638945512820513,47.112,1.5843814102564102,0.4344085626605907,1.3393142348436726,0.8830564600556874,0.3441356825991872,0.4255771967746983,0.5906660201640064,14.217373040238494,1.1248860140916723,0.2458097404871781,0.1495965007086769,0.5822026979843494,0.158593006016789,1.2437749763874124
ULY_Y_232_P4,ULY_Y_232,8.351271192942079,53.417,1.3913350978135786,0.4415876098207614,1.1736490097787442,0.7538641211690814,0.2928753251922723,0.4470249038638859,0.6501968915432949,10.77396157439886,1.2900983964578077,0.2816699488792529,0.1488793524943998,0.596609169846731,0.1602270607684238,1.1548659771493086
ULY_Y_232_P5,ULY_Y_232,13.976569572506287,52.997,2.2848358759430005,0.5049309176411212,1.404163765346097,0.8514002603531265,0.3520103738082151,0.4307068091794746,0.6546308810794856,14.062420548553812,1.0061424926626064,0.2687644691951831,0.1690220634968588,0.6742263148063437,0.162728280688252,1.219206115284096
ULY_Y_231_P2,ULY_Y_231,26.3183725172274,51.517,4.694316092419943,0.6559352575063614,1.6916472603284698,0.9850443115221672,0.4260762929179669,0.4080065683378958,1.5844331465436357,15.435985892954736,0.5865098946696151,0.2630495378755477,0.1505123678576888,0.5975780369949641,0.1891022767034512,1.5445989130618996
ULY_Y_231_P3,ULY_Y_231,23.536573916408667,44.375,5.827879450464396,0.4693355926050546,1.6700833418310437,0.9907862690090956,0.433771251026654,0.4205315279920165,1.2226566249683195,12.913504307984654,0.5486569266133473,0.2590372754216127,0.1758966387826301,0.677228021957804,0.1976874652699509,1.4767960428200246
ULY_Y_231_P4,ULY_Y_231,27.967774341830346,52.826,7.451403510238194,0.5258290625380001,1.8300585472687223,0.96026147279147,0.4587781063814878,0.428984251675714,1.073786865452822,14.506781167397426,0.5186963034702472,0.2553556957157746,0.1634798696358248,0.6521185919117125,0.1903980743177772,1.4552170843836882
ULY_Y_231_P5,ULY_Y_231,22.246873200000003,49.579,5.80884364,0.5462697855687358,1.6853065193447003,0.88449085613446,0.4286320597022425,0.4329338871214848,1.0912828527493843,16.753176182811476,0.7530575659869124,0.2548026860747884,0.1558503110188506,0.6127762477319754,0.18295907303561,1.4259317028217215
ULY_Y_25_P1,ULY_Y_25,33.41851673640168,54.65,6.476560543933054,0.7056174138683677,1.70855765446388,0.9659113625625888,0.4190170361323076,0.4505676064377361,0.4996148845646616,17.39220604350586,0.520436205493259,0.2224259958368102,0.13454216645546,0.5486007215063343,0.1944696327943287,1.3549155243796034
ULY_Y_25_P2,ULY_Y_25,34.18370205850488,58.941,7.315632358252076,0.7076872635560634,1.719389229134646,0.9520576880691816,0.4199424848116573,0.4616018540812175,0.8602489054770608,19.33473228679658,0.5656125908687563,0.2026907620681351,0.1328243018773937,0.5438284581226539,0.2079332119929563,1.4843900751213346
ULY_Y_25_P3,ULY_Y_25,33.10028222836095,52.411,7.181887476979742,0.6849828686897571,1.7441060721387407,0.940059538219148,0.4352286150215788,0.4724876839585903,0.5336878898845728,15.281856677962269,0.4616835763674692,0.2045387134361654,0.1420323169316423,0.5691708170156261,0.1982829427835421,1.4244795039748546
ULY_Y_25_P4,ULY_Y_25,26.00762431372549,52.738,4.937798980392157,0.723998505637774,1.7356720940409556,0.8722369233406648,0.4351163288145751,0.4560205131548827,1.049874971425334,17.360942410040483,0.6675328050197291,0.2278415068693093,0.1578257551751218,0.62956441953052,0.1882208793902285,1.4517346024848985
ULY_Y_25_P5,ULY_Y_25,32.88526475849732,54.466,7.233292620751341,0.7850322545498803,1.9452232370525195,0.912505335094561,0.4832430521610557,0.4559054794220675,1.3255424968259697,16.025705546764065,0.4873217735801606,0.164140422665294,0.1378079011959121,0.5547252680756274,0.1940438784009779,1.5965363257645089
ULY_Y_96_P1,ULY_Y_96,8.352560392156864,23.539,3.0087361568627453,0.5054669526077155,1.3545305614356478,0.6832111451408128,0.4157429178750493,0.5090029708074438,0.6527039211410097,5.543308020795129,0.6636657217109557,0.3493253748787164,0.1978201775341741,0.6445172355748876,0.1934478452546246,1.2820888800053698
ULY_Y_96_P2,ULY_Y_96,6.701581681205393,29.473,1.6309498810467884,0.3495524686928049,1.0706073331447836,0.744658375587138,0.3117680030218105,0.4607616873193426,0.6137606633798744,7.097442197726506,1.0590697144871493,0.3171858734136927,0.1935621613086529,0.6646899852064042,0.1730124261538119,1.1805198182457688
ULY_Y_96_P3,ULY_Y_96,4.673009267059815,25.916,0.8970681971356361,0.3766988961428857,1.0241451472183325,0.7067055696518242,0.3107390289192144,0.4413292558623092,0.830103431239956,4.603342166497271,0.9850915980300682,0.2918853324005544,0.1668766106073997,0.549998085313717,0.1645854419818346,1.1003494896283743
ULY_Y_96_P4,ULY_Y_96,3.392896593186373,19.318,0.6224175150300602,0.2318192986390276,0.8218690431964905,0.719607351193298,0.2699500693484961,0.4525611245404426,0.7740812999774018,3.764278362356726,1.109458617134446,0.2500823367467359,0.1529276921605955,0.4655917901321936,0.1732063900710163,1.131797649585958
ULY_Y_96_P5,ULY_Y_96,4.61852847193773,35.282000000000004,0.7017352724293322,0.1969045423537984,0.9203401240420936,0.8117865256872081,0.2548770551718638,0.4264666637311042,0.6724461112745824,5.8465277763685455,1.2658854030871876,0.216785731330636,0.1362952954739033,0.4921511238358547,0.1656152344873848,1.1068363493723143
