site,mean__point_density,mean__pulse_density,mean__scan_angle_mean,mean__chm,mean__veg_height_mean,mean__veg_height_median,mean__crr,mean__veg_height_q10,mean__veg_height_q20,mean__veg_height_q30,mean__veg_height_q40,mean__veg_height_q50,mean__veg_height_q60,mean__veg_height_q70,mean__veg_height_q80,mean__veg_height_q90,mean__veg_height_sd,mean__veg_height_cv,mean__veg_height_skew,mean__veg_height_kurt,mean__veg_height_gini,mean__canopy_cover_gt1m,mean__canopy_cover_gt1m_w,mean__fhd,mean__fhd_w,mean__vci,mean__vci_w,mean__shann_capture,mean__shann_capture_w,mean__norm_shann_capture,mean__norm_shann_capture_w,max__chm,sd__chm,sd__veg_height_mean,sd__veg_height_median,sd__crr,sd__veg_height_q10,sd__veg_height_q20,sd__veg_height_q30,sd__veg_height_q40,sd__veg_height_q50,sd__veg_height_q60,sd__veg_height_q70,sd__veg_height_q80,sd__veg_height_q90,sd__veg_height_sd,sd__veg_height_cv,sd__veg_height_skew,sd__veg_height_kurt,sd__veg_height_gini,sd__canopy_cover_gt1m,sd__canopy_cover_gt1m_w,sd__fhd,sd__fhd_w,sd__vci,sd__vci_w,sd__shann_capture,sd__shann_capture_w,sd__norm_shann_capture,sd__norm_shann_capture_w,cv__chm,cv__veg_height_mean,cv__veg_height_median,cv__veg_height_q10,cv__veg_height_q20,cv__veg_height_q30,cv__veg_height_q40,cv__veg_height_q50,cv__veg_height_q60,cv__veg_height_q70,cv__veg_height_q80,cv__veg_height_q90,cv__veg_height_sd
EPO_O_04,64.53917358320689,30.332989356204557,15.920574378967284,38.23988553261108,20.938319344567805,22.086914207028002,0.5636948257824403,6.262836075952338,8.498230910150328,11.94557641370823,17.071111286282648,22.086914207028002,26.22787970020509,29.499177172230883,32.16722438068431,34.891231843899206,12.699404600820554,0.6207498666726076,0.09295419539602937,0.1875435743572443,0.3039130737141272,0.868068835075493,0.8791824819091092,2.177094316535067,2.0703610925600557,0.5463568214451813,0.5195670845521694,2.026438891261621,2.016324617594517,0.5085461955187787,0.506003692707562,52.336400000000005,13.330357976312275,9.62797109547964,15.471899778097335,0.167675978763533,3.9525225959108092,6.000647687559623,9.833703814506165,13.559860002704998,15.471899778097335,16.11252135765676,16.021490773211077,15.575488709438739,14.668339639187328,5.705046596977113,0.2526065836646526,1.2837748463270338,4.083182423186405,0.11341105807639773,0.12549558649020093,0.13651400519765253,0.45768679186088884,0.44155030118620253,0.11487086549395012,0.11081734601492525,0.392976281281136,0.40413147383027886,0.098645650057504,0.10144700072293264,0.34875238578436996,0.4598362159805925,0.7006031240304549,0.6337746975149123,0.7062099366571636,0.8245638129836206,0.7951704167545959,0.7006031240304549,0.614380984259219,0.5430986718951859,0.4842587658246772,0.4204475076316651,0.44931451945262985
EPO_O_13,66.24526601112974,30.92835035974677,-0.0246670164167881,27.2994840658334,16.33033167403805,18.209494973753852,0.5907782786383566,4.237559801319115,7.436392659183317,11.010423380237603,14.775972532695434,18.209494973753852,20.84993210517515,22.82971890918035,24.302061684784984,25.627656997834197,9.239532509955183,0.6611539866220857,-0.40058558243712633,0.20759123148483152,0.32545790487789794,0.6854489547504755,0.6635479499187211,1.9727762115685255,1.8799738358393092,0.5366313166199331,0.5114077749470085,1.7901833962856972,1.7382555280780647,0.4869298735873443,0.47280986386627805,38.0424,6.7692952917182065,6.6185393799821,10.21249292130141,0.1753753875005688,6.121948645739799,8.24488054772073,9.552041919152426,10.237688325485523,10.21249292130141,9.782116559329907,9.193158788247729,8.538235018213035,7.697141480487746,3.4496459899065712,0.36788629912067167,1.2081868220138916,3.6720279892481167,0.1543046207656888,0.2037092804523947,0.2241280105718501,0.5207191913454552,0.51251885683118,0.1415578479129965,0.13932642308233512,0.4622089854240648,0.4744288877816946,0.12567273767369122,0.12899649523051487,0.2468193474444642,0.403710995565318,0.5580200400590318,1.492601263516658,1.12803179613832,0.873027710528895,0.6912712977570287,0.5580200400590318,0.46638928914271804,0.39994346918281487,0.3489698150993966,0.2983052906415703,0.3739905292166436
EPO_Y_10,97.65019539959128,49.11229692609308,-16.428121757507324,25.902797594582218,16.164698297025772,19.166752863011887,0.6118686274782213,2.629280332266591,7.3532238264434415,12.544016565369327,16.47792381973038,19.166752863011887,21.01592956105008,22.29019948989701,23.285208797378697,24.286949744688737,8.889301641589523,0.6402532522818614,-0.8073477169274683,0.3997773232206216,0.3139280688175611,0.652078525244268,0.6470725889362309,2.0868265130454633,1.9856727990113279,0.5888719036139252,0.5603011195825035,1.854315444207686,1.8154902643651076,0.52324764430013,0.5122513426251197,32.952600000000004,5.477747940793364,5.392217383704134,7.792733252366466,0.15063237808245739,5.429994173106186,8.244344237225892,8.952669425455875,8.496829836162162,7.792733252366466,7.133785647418941,6.668837923012175,6.28081623926999,5.851455036162132,2.527437211267993,0.3618213979064368,1.099696592230459,3.753243934269282,0.1442692708060324,0.19360459079516903,0.20809008086828715,0.5384077482993701,0.5038045639846618,0.15231064185937146,0.14251691780502587,0.4592030299367972,0.45953682023488857,0.12987757972691727,0.12995340318448098,0.21473612100199055,0.33863826908124184,0.4142462701053297,2.1826929110091524,1.1611198639277212,0.7303666491962956,0.5263721365585312,0.4142462701053297,0.34527030652247087,0.30403425434126563,0.27415265925308396,0.24501363825504957,0.2857147329206201
EPO_Y_15,64.43197779497606,26.600143003172338,-0.04835914958966896,19.754897332960603,10.734614018509838,11.556944715371129,0.5347717035245955,2.0836280212410334,3.7995743692844277,5.932555886088251,8.62687552125633,11.556944715371129,14.003929910461531,15.853164939574404,17.19826518799962,18.323209711724353,6.805572110080104,0.6938681184596491,-0.11298954249872777,-0.6915280202414463,0.36142400856654733,0.7749356568297813,0.7741974175250076,2.0936902524700436,2.011013183896788,0.6243999678140544,0.5997437449962365,1.8886358583777887,1.869014628589575,0.563270183248347,0.55742070578232,26.893,4.028354288882285,3.9605254497448628,6.677607833925942,0.14202706021864792,2.97108011313819,4.145915868193223,5.352197231680619,6.331368462726226,6.677607833925942,6.379951106371573,5.795499870976952,5.1639634500904394,4.59366274184449,1.9121330305574802,0.2361931564282548,0.9303501226361929,2.3202780223331034,0.11322064995811887,0.14409502220884265,0.16341111615437753,0.3469784268100785,0.34942551397364463,0.10341326553382676,0.10417062388888143,0.2972804926534798,0.31636930874106384,0.08861525037619364,0.0943142663323005,0.20499739755853413,0.3710245222361924,0.5812196565707789,1.4685911586259468,1.1055993242656441,0.9082750206906318,0.7376158745096726,0.5812196565707789,0.4582140954865438,0.36740748217219227,0.302000758458658,0.2521458825322533,0.2818775942044913
EPO_Y_36,42.76451606456258,20.418715231951904,-6.881373310089112,14.125612419659339,7.580438543579604,8.162662123032652,0.5204441252246473,1.4355729077213346,2.539926781331159,4.015970999429157,6.003644127230333,8.162662123032652,9.936162010395375,11.209897779292145,12.18234222768866,13.061397573463063,5.0783223098809,0.7584314101671046,0.018826345313807592,-0.23495525142975482,0.3773578559168961,0.6841350158937579,0.6607751180638572,1.6225036555246155,1.5419280242644546,0.5237060030911402,0.4977672540838382,1.4688936326014583,1.4131559330061936,0.47428822038893664,0.4562549520750977,20.8292,4.09873349360317,3.529163411153374,5.552112051277355,0.160847090752472,2.5845405498596805,3.6545918464728673,4.5405402105257355,5.203266617266556,5.552112051277355,5.561747857817145,5.329378636653115,4.996489947244025,4.590519044498355,1.936009811330154,0.31815432707408586,1.1226580259514283,3.072428579093241,0.13670188819836473,0.1979529881240924,0.2192253726031482,0.43063530133166666,0.4318207102569772,0.13961677291521493,0.13996051163793988,0.36637198994883025,0.3741494836438976,0.11875100215222008,0.12116872411888843,0.29568269325999985,0.4635210821769399,0.7006940524947465,1.7068249874610697,1.3792806377324618,1.1154650474342138,0.8795845418110021,0.7006940524947465,0.5738542790890289,0.4848733541707067,0.4178121261546105,0.35785426998543507,0.3885021803056811
EPO_Y_37,118.14819638026952,46.93649836150618,-11.766877174377441,19.546503046601913,10.165970490957742,10.397993258508505,0.5187854658363699,2.772838167934241,4.46556035607273,6.103130505368277,8.16413275875836,10.397993258508505,12.465642979600347,14.20451412607226,15.78072445469058,17.33414023245041,5.912427866990628,0.601493392008186,0.1516684766499114,-0.23191875092986564,0.3170678649165255,0.9005346238516874,0.905081508108745,2.201588235971566,2.103565920669466,0.6386666777007441,0.6102253212257936,2.0662961639874546,2.0483466888829307,0.5996177732488283,0.5943824856539746,29.839199999999998,5.400514191857178,4.011516112600868,5.917385081391108,0.1319399043354972,1.9743594709134116,2.4647441241393215,3.465141129438557,4.874385532989368,5.917385081391108,6.440644660603721,6.578335247057582,6.438416135359141,6.080530314900402,2.2181948529607647,0.18754680413596544,0.9014739241547176,2.5817113346241602,0.08830521805789578,0.10440521019140343,0.11515941002285743,0.3540014661003331,0.3570398621305972,0.1029198022551425,0.10383513264686531,0.30290736381588845,0.3162193669039738,0.08800525652154857,0.09185768137775091,0.28450256581577826,0.3992822588672803,0.5728717505778891,0.7124578295671486,0.5475634455098125,0.5586447289322571,0.5924005850587495,0.5728717505778891,0.5262432562696508,0.47403675157168434,0.418663858449731,0.3608957019685577,0.3897452912322582
EPY_O_01,70.85639614318657,32.18926561304404,18.78595085144043,24.30071967445173,17.91612015461694,19.992777684809088,0.732646311497582,8.897880739101842,13.489860753588104,16.589947639218913,18.611931463008084,19.992777684809088,21.032876058175646,21.857184194790023,22.546645442751363,23.247932696893695,6.27097379663836,0.3949312231680101,-1.4654341849295585,2.615523723196007,0.19369252288981045,0.7238864801135182,0.731313494647831,2.1029896853920573,2.0034845417829246,0.6080154811013361,0.5792435791780388,1.9276949092331477,1.903002279257473,0.5573449049667645,0.5502026621106557,30.3114,3.348425277527176,4.028550858760446,4.7120077859702025,0.12859804811462328,7.503424665744961,7.253733473033256,6.227998516067296,5.327677135700254,4.7120077859702025,4.244120927820666,3.9411026013164587,3.689473561074471,3.451999867409328,2.2964020317430816,0.2428201929079732,1.1097193137655847,5.010336927007755,0.12304937706557369,0.16127283398203168,0.17684367769247594,0.4597452652744479,0.43266043946565375,0.13294645757546578,0.12510888982857718,0.4342826644616912,0.4436993514396132,0.1255893318278543,0.12830485552331847,0.13787544737355972,0.22528827022640635,0.23616505930598491,0.8490908154159605,0.5404297102307748,0.3769435757069145,0.2870551963529554,0.23616505930598491,0.20207811474607307,0.18050045300387704,0.1637764384793831,0.14859479863177985,0.36713613400875456
EPY_O_07,110.86609555125196,30.837694856103457,0.04025334473699331,19.01123838668625,12.009557155891747,13.073561409709896,0.6234388072530421,4.584510091965506,7.153706848420578,9.426507729892284,11.397693035624695,13.073561409709896,14.470661905137243,15.65028121217344,16.64787847480766,17.617440013583007,5.09826850378026,0.4597566819277533,-0.5317038809763149,-0.2677013213613523,0.2492833868561914,0.7239171047035098,0.6981241371941783,2.3268413403399917,2.233076207371073,0.694907214985182,0.6669052525436634,2.049570180445536,1.993474771011511,0.6120658367210189,0.5952649379002699,26.9406,3.608839293377143,3.442406194299322,4.366923110475988,0.11594824060082673,3.29191731414749,4.018850192365052,4.332495285474552,4.402899482439409,4.366923110475988,4.271074378296076,4.160959715391075,4.035881052183354,3.838873193152632,1.3977595827601361,0.18708721674380688,0.7336842895352451,1.859149072873172,0.09238052191538881,0.12010461985756404,0.13604293472287937,0.3928964421375089,0.4004670567598895,0.11769896981996227,0.11993879446940055,0.339167863470158,0.3599209168741867,0.10158731131061742,0.10775252210785605,0.19378336728924092,0.28978948209019323,0.33813926939925626,0.7156525967374685,0.5619683312842292,0.461390043107485,0.38965241401746586,0.33813926939925626,0.29949536975257607,0.27031974081593113,0.24654394040227298,0.22182618252826378,0.2775848054776448
EPY_O_09,36.95402094595484,22.761553755284417,-12.558125495910645,16.1151005781962,12.04979469797504,13.220503684265935,0.7401529901260682,6.920292460035233,9.27877854421231,11.017379335549602,12.310376625464857,13.220503684265935,13.867869916227093,14.406877380053809,14.899596408901616,15.420755520198156,3.91987192500729,0.37993989111995286,-1.1134770071751146,1.6888203358437068,0.1857656627625135,0.6247409549999904,0.6270323602545385,1.5974903362976764,1.522036061065091,0.5002017531666961,0.47658461280865677,1.469478305695693,1.442499333819027,0.4600906767007899,0.4516387948246107,22.355,3.81709724556899,3.939250633763222,4.654323523641591,0.15366663638349448,5.3347145817182,5.4547775435437025,5.246807506694194,4.9277744191151465,4.654323523641591,4.4464840789759394,4.2774755561240685,4.13417352765453,3.975874625603017,1.8623387311397426,0.2569865025852017,1.2390374749715685,4.21772776583415,0.12846714352873295,0.19013851251495845,0.21300624597817902,0.4290182363690297,0.42292593074529383,0.13431342495782578,0.13240681553083067,0.39812888415816666,0.4118106734585318,0.12464045412715268,0.1289263664295077,0.2369057809383094,0.3268703298411664,0.35214248448872265,0.7764588349729531,0.5897895539964371,0.4770197232878542,0.4005746356643531,0.35214248448872265,0.3206676075408332,0.2969279376982139,0.2774541661967474,0.2578317888226536,0.4774113428296908
EPY_Y_03,38.076130681608404,20.87266945670377,-1.7623149037361145,8.354218011159729,5.754228827240134,5.9689147579554716,0.670645065773242,3.5358888574789424,4.3588716008478725,4.985573116638258,5.510741520169054,5.9689147579554716,6.3801898933853405,6.7747158695254965,7.195705106758193,7.6753185967845114,1.796350691995468,0.3907614437125915,-0.3967844054695713,0.36899311766437953,0.20278396158735332,0.5338968565519068,0.5090523607259501,1.3551648355161336,1.2653704918843895,0.48040732944041176,0.44853754179587524,1.2316230391299665,1.1768038562111889,0.4365900749640773,0.4171145440595468,15.072,3.4961913108335687,2.9434852581182644,3.20829276513071,0.16531162327729193,2.8835565392416638,3.037592897357962,3.1209571697585963,3.1729921425245773,3.20829276513071,3.24274408634097,3.2849402778424897,3.336323171017457,3.3899562091763693,0.9671591358081777,0.2652093134130459,1.0274022737971134,2.4357694598146558,0.12984337939644602,0.2550717608666565,0.2808290209659278,0.5540296743527936,0.5583996016208771,0.1965163402141999,0.19809688953657234,0.4907625897613118,0.5086467581858262,0.17407292303196348,0.1804378652459745,0.4207461417587098,0.5140454872191917,0.5399901475737467,0.8197779482910399,0.6991800104897895,0.628471713377838,0.5783846525208212,0.5399901475737467,0.5106899991403978,0.48731345827796424,0.46608391417034,0.44403829504144426,0.5394640977874628
EPY_Y_04,40.682020163355936,29.39061643446056,-0.03890907131135464,3.410365583575036,1.6188226225118256,1.580605886772767,0.4792313447627851,0.4345931089200388,0.7435856761305455,1.0372859371911025,1.3181002802737414,1.580605886772767,1.845738860838096,2.124636027616222,2.4412780818526465,2.8288026007623186,0.9813086890434256,0.6996500865615667,0.3347273070016067,-0.2207845500003253,0.36325740642318893,0.30369068351400397,0.2804416235855169,1.121582898008413,1.070619283936928,0.46348374207575527,0.4424240438781427,1.021319989468901,0.9863194114907143,0.42211260394479533,0.4076330794761521,9.708200000000001,2.3656378609527744,1.3138300294244722,1.4597723157641203,0.1623611615334169,0.6377986640785428,0.9069898451441996,1.125381944488773,1.3074835071470035,1.4597723157641203,1.606556507255982,1.750603486579968,1.9129467504060276,2.089517638546947,0.672479881672646,0.3285965597349524,0.8538565166891511,1.8869089784568842,0.13618533592627016,0.2715720146008318,0.275912718896831,0.5213815043345613,0.5123451044404501,0.21590258498141202,0.2121231481485018,0.45324371692225573,0.4556198542863557,0.1876742653678636,0.18861144968137739,0.7474883035920765,0.8636647038512912,0.9830426519193726,1.501024978826041,1.2657330486661338,1.1398785095297568,1.0504471258101789,0.9830426519193726,0.9305021154629453,0.8828902295646962,0.84147393720924,0.7935854378679474,0.7370235675110244
EPY_Y_05,106.94792471492954,50.413376339218416,12.2409423828125,5.733618063131276,3.074336945136639,3.0634394818359696,0.5456941455674218,1.4460367057084247,1.9461621548734223,2.3231510563473163,2.684608749206518,3.0634394818359696,3.4447319035475266,3.8273021555475104,4.238166877158584,4.736713143877276,1.3079838500779364,0.43754268195660684,-0.03138958246395741,-0.12535029660930236,0.2409621510332351,0.6471676692300121,0.6516067971463911,1.5994425208457363,1.5481641449013264,0.6346625241580395,0.6141961668711453,1.4429605912190413,1.4232527752956858,0.5725320277013785,0.5646093678810495,10.574200000000001,1.7866666041670132,0.9922105701376003,1.0937383437925345,0.10042006149976475,0.7125108870629073,0.7338521868334905,0.8212614321126374,0.9468302366164009,1.0937383437925345,1.2290756000502072,1.3365670405689498,1.430152408761146,1.5400378889370583,0.48036372209280065,0.13524951469803775,0.6391259662063679,1.4437193300011386,0.07191900936494687,0.1701163096603698,0.19271303593449063,0.3673280830424144,0.3817825702113335,0.14795215061958789,0.15366392742537086,0.3216342743118493,0.3372059221215328,0.12967529797960134,0.13597946220696677,0.32746128119121487,0.3366622966092352,0.3711849969191051,0.5076681718959082,0.3919674117634697,0.36828118953674965,0.36714823925993745,0.3711849969191051,0.3708593973382593,0.3632299880886651,0.35176146253300095,0.33948753724529857,0.37847094176551216
NRM_31,58.25256672786712,24.45682450392056,-1.761275625228882,20.541966206167494,13.048271770723144,13.64852694713144,0.6342080886953665,6.423787736281517,8.546956792150292,10.334790499410104,12.048769529872816,13.64852694713144,15.14496295370227,16.419555356081922,17.56735948831418,18.77688519513385,5.095217861893448,0.4126511585049286,-0.381723586318082,0.16686046242823022,0.2193417958306147,0.850812629199973,0.86352712703224,2.1401979134813165,2.0424635888957927,0.5907815061297619,0.5637895596343693,1.9847949081777336,1.976833243101963,0.5479746795258775,0.5457798570984729,36.1516,6.128783040002581,5.09670003098736,6.300659589535163,0.1268216741132539,4.28227370876156,4.849677029833779,5.42175626196696,5.951976620914719,6.300659589535163,6.466308185470346,6.504527672686725,6.42527916179391,6.28470584426647,2.060768704781873,0.15404478544612865,0.9235406773491173,2.3962421818352424,0.08510607288363761,0.11468705266950416,0.12101035419348061,0.3382377764092453,0.3495599166041353,0.09348216340834783,0.09659125249658916,0.2935345180291594,0.3074605677496215,0.0811001464329286,0.0849331172591506,0.3011686303580457,0.39211854023932446,0.46354698125733745,0.656538799509393,0.5626593993359663,0.5241783139605076,0.4956034447767036,0.46354698125733745,0.42879759880707935,0.3982918560031516,0.3681952735604512,0.3374477792853561,0.40882389077800785
NRM_O_15,51.014625641764084,20.28541960018394,11.074840927124024,16.994284953660376,10.072557815798898,10.291012744880268,0.5927102157567438,3.677972577324758,5.174560838859486,6.648945353860592,8.349850461493716,10.291012744880268,12.34427817314462,14.029655509211159,15.098293840677496,15.926150843784857,5.038283310308027,0.5292487937944074,-0.17788896400824644,-0.6383044781025414,0.2838177251366974,0.8648033216488319,0.8681722975618962,2.032225102930968,1.9409936284986262,0.5964526882292172,0.5696794411664456,1.9008248325433943,1.8848522479570786,0.557950050773196,0.5532721581063067,28.2112,4.677869293552546,3.4310999763521943,4.7784183495126324,0.12243019010788073,2.9193316305570325,3.2227341385510413,3.6171092712708144,4.191000077900198,4.7784183495126324,5.110054419963868,5.114820298884018,4.964710790484176,4.815291329606318,1.9727872864549778,0.2149676739025757,0.7642541139874003,1.8844887178358505,0.10790671542645261,0.14644593643475484,0.15898262456810536,0.41443506551237197,0.4157510337330891,0.12163359476111608,0.1220337149009391,0.34279327775233215,0.35410596555704243,0.10059247342062094,0.10390839533830425,0.2767013071956921,0.34122964977159087,0.4649472465843495,0.8114922885212026,0.6314361457894047,0.5470345926425145,0.5030753040838933,0.4649472465843495,0.4149729206843077,0.365978956386378,0.3302966087274454,0.30391597986393404,0.395233051951289
NRM_O_19,73.05371719938921,23.059747954299777,-0.008024094766005874,23.780319883958942,14.931659164776638,15.861684588549267,0.6241758175179244,5.84670187600462,8.130031847955081,10.400958148829423,13.052377165965703,15.861684588549267,18.40314331270049,20.375276633784146,21.668089319171806,22.61703271396494,6.915591748857142,0.4901193572030563,-0.3498994642667861,-0.5806144161386082,0.2630441306151738,0.8911135578989888,0.897808333686554,2.266996620797083,2.165422833046791,0.6379919325188224,0.6094205266342081,2.1041280138634932,2.0912318441721895,0.5921422232564505,0.5885178256346894,33.2496,3.748231024051165,3.902299927436868,5.887576865202223,0.11716980223228095,4.108956635717215,4.790650233653322,5.4065931332388955,5.876709350133908,5.887576865202223,5.580549674662853,5.128738121418513,4.645517180323237,4.203231179418269,1.9518526521636268,0.16494559759255362,0.779643008353885,2.1436256824412707,0.08954261013816109,0.09920644855516182,0.10610221510861446,0.32990326509301077,0.35825834875557117,0.09275185336753174,0.10074604083966907,0.2654988339415629,0.2764144921424413,0.07462508210176472,0.07769100248683913,0.1581801200924282,0.2617142067924588,0.3730477495796455,0.7007710213426144,0.5853540621894565,0.5167758105463109,0.45041592346121906,0.3730477495796455,0.3050868402583321,0.2532616197633741,0.21550225795332922,0.18661318778109162,0.2827150295140299
NRM_Y_39,68.47919650979574,31.208232564803076,14.49300765991211,14.03689863958051,8.023146358399448,8.443630485315982,0.5781999480757107,2.3571255578698276,3.7856874068714412,5.116465224240544,6.653701632567684,8.443630485315982,10.142025893082842,11.366342230300775,12.215583142578259,12.957806530514551,4.325224063752369,0.548492829881187,-0.3181979052826542,-0.3762652398916141,0.2938534323167049,0.8637889143726856,0.8764954184794291,1.9874955029338164,1.8841404153670296,0.5964156737075463,0.5652480023621931,1.9035593147131131,1.8947626152647477,0.571645909549984,0.5690116223163874,25.959600000000002,4.59168295496268,3.09679341815311,4.302469424794179,0.11651867263031537,1.9724968463403392,2.38754476276104,2.9056977161468165,3.6371378040793183,4.302469424794179,4.688749295397742,4.80540393406502,4.760544895961566,4.671932034128095,1.8348747010273534,0.17838687932663636,0.7927435619081171,2.1206295541815354,0.09252225413989973,0.11877505547124886,0.1257846748072676,0.3739699464830265,0.37731256183423245,0.11257766958245514,0.1136048227168814,0.3013140959649525,0.308872922371754,0.0906996951844914,0.09295690925179306,0.3387338832692869,0.38961947176389977,0.5072146190895824,0.8561618427139521,0.6497432830172125,0.5786798846492995,0.5476588406919328,0.5072146190895824,0.4635529571178503,0.4291565636073661,0.39897424717859864,0.3713410946069497,0.4442813100938595
NRM_Y_41,60.16853910213058,29.834661351834217,-0.07484463900327683,17.289279954363884,10.81824043032375,11.124508297847806,0.631285338953521,5.511090746704008,6.8235270588288115,7.99363398067546,9.425712524258811,11.124508297847806,12.684321188895456,13.90687176294335,14.912962514882917,15.872004751998805,4.350866893527149,0.40784807128287665,-0.18132101085575741,-0.2833984610877353,0.2179456472578925,0.9002407806305464,0.9165835194037214,2.0426747136158574,1.948625619652909,0.5911516292118052,0.5639244384449708,1.953525429575753,1.948583231678,0.5654764353389544,0.5640503201128305,29.019,3.841554230454232,2.8192404890521563,4.106721012803882,0.10413234824302472,2.282696604620482,2.2527708754587734,2.764779112565116,3.5156597418598485,4.106721012803882,4.305530772099913,4.258293887121313,4.131454806438619,4.000036874644758,1.5302804545629047,0.13103927435964632,0.8170654538006202,2.2435696131178213,0.07210322190834854,0.08699668748991468,0.08475389184278584,0.31134975096852874,0.32008236030726156,0.09005056859335173,0.09259348532428029,0.25666766712026007,0.2665533133871051,0.07423617596595497,0.07708852279768458,0.22330196129049043,0.2620914941166689,0.3698232619296956,0.41582611167838374,0.3320852676246325,0.34747102762256316,0.37424784071242057,0.3698232619296956,0.3397541214906036,0.3066000137487091,0.27762237079135904,0.25274359632496696,0.353969702174898
NRM_Y_69,107.71764643345762,40.06140616176244,-25.649169921875,19.417582791926737,10.983156813967337,11.369817467632876,0.564199337290064,3.854394893154951,5.811571446872665,7.428469817104421,9.334092528172516,11.369817467632876,13.276496518350339,14.907974343422064,16.30174565774284,17.598576485024175,5.501790822598519,0.5123767569829297,-0.10016435449406688,-0.6935027147969675,0.2789663796917464,0.8958951773531224,0.9107005410840022,2.3619236395738907,2.253594982860097,0.705930881104356,0.6735520899639085,2.2193059511182818,2.2188402487290526,0.6633336634751907,0.6631998876786733,26.736399999999996,3.6705521020275027,2.99576134639478,4.483347004453157,0.09866954465258068,2.0091625098445,1.9878895947597275,2.7062283198331465,3.755627711782599,4.483347004453157,4.767972625497227,4.740726483952892,4.5137689983140605,4.179925825418371,1.4415249481663017,0.11147635665165474,0.6269451687701545,1.3551577744334413,0.06146979117233988,0.073337718924889,0.07287142949439522,0.314458199631782,0.3101578422921373,0.0939790318740412,0.09269139344672325,0.26048311560074355,0.2705502012420484,0.07785702094744155,0.08086345024367628,0.19083270153614476,0.2741618461392574,0.39515786374803963,0.5277931829835392,0.3449965008189851,0.3646256071469894,0.40240611488913974,0.39515786374803963,0.36056624887765765,0.319280580639845,0.2782870305283479,0.23902799921432266,0.263471700196121
NRO_138,77.90060040277686,31.942385410342332,0.09182781279087067,27.369720658508317,15.800282396345802,16.17800124623758,0.5841905798016056,5.800211328579944,8.260860421395417,10.508378194246774,13.14471096792381,16.17800124623758,19.147912328671843,21.596326138499954,23.592212682956482,25.212574580052785,8.140924310376603,0.5279014535367199,-0.0909436991311396,-0.14078075033347576,0.27540454362838096,0.8478336045375029,0.8579438491367146,2.218065677219408,2.1180638086647834,0.5823494614694162,0.5560969775008658,2.0650870573285536,2.04793941911736,0.5421815600079236,0.5376738899728128,43.769999999999996,7.47034547645381,5.457411572246659,8.085371491546558,0.13191945843472475,3.6739419936470576,4.1528395988917275,5.303929094470641,6.837080853217678,8.085371491546558,8.700329396387987,8.879496613768964,8.688038384178764,8.236364286258858,3.13458728012196,0.1844887942889985,0.9652326135866443,2.6908268980599983,0.09367839574546444,0.10966890040671681,0.11856264846377547,0.40361245455086764,0.40015420198125434,0.1059790013668634,0.10508029130698342,0.3373052137280127,0.3441214809519021,0.08856910238174284,0.0903633204746379,0.27538591841099436,0.3465788782645073,0.5006224364842111,0.6358540141918474,0.5014803672659123,0.5037257245863754,0.5196782641837855,0.5006224364842111,0.4567976919902302,0.413951481639543,0.37138260321648336,0.329649339082026,0.39055857363724955
NRO_174,66.16803252334252,26.757688863121246,10.895466470718384,21.7572730242118,13.10792380383855,13.314329118302643,0.6014540231666218,5.26826410190795,7.24774160491526,8.919786224620022,10.897971681462673,13.314329118302643,15.831967712506174,17.957550377605436,19.428488152504293,20.503155004486164,6.262423651087793,0.49196976749779936,-0.12832614000766177,-0.7237780653011484,0.2659383890599769,0.9242307777008769,0.935788218377273,2.196258200076355,2.0861426739955173,0.6060183453248973,0.5756806744800612,2.1095479651368416,2.1038539198931705,0.5821237825276725,0.5805358817260762,35.7046,3.857749577634452,3.364927507542439,5.198653519508459,0.1032601362232548,2.8849783030398433,2.9801601690205772,3.6065769935600533,4.505789764674736,5.198653519508459,5.430433261668785,5.196806483745611,4.794122796487782,4.36873329752191,1.7887068706341396,0.13461280234058953,0.660908541087036,1.5822209338020428,0.07433396477790669,0.06959984017311145,0.06696663257569059,0.303279594489482,0.3173708242884337,0.08365616881477685,0.08749621177458793,0.23484338405007943,0.24131018054829437,0.06481259209968593,0.06659480712146101,0.1771047915090866,0.2568810046611434,0.39173919567523685,0.5449237163064371,0.40596090186741735,0.40168106212001853,0.4138000817313737,0.39173919567523685,0.34410498628400193,0.29003627782560837,0.24695940150658835,0.21309064169198755,0.2857593955295424
NRO_190,80.70123940898928,32.42145382760307,17.494096755981445,29.206859570653574,18.85472439463568,19.81366524473055,0.6515379310064586,8.707316554149616,11.39216527981105,13.948579810886708,16.79874515697798,19.81366524473055,22.543348265375155,24.775059067358264,26.44496013636101,27.70946976159115,7.9170873654214855,0.42366062296998397,-0.3538663425814868,-0.14245377062406367,0.2246897821847346,0.9516209191038636,0.9583742317463757,2.2746272842046196,2.1581662287537666,0.5966807729273869,0.5661218496052476,2.21849475831913,2.206865153319928,0.5820311133163134,0.5789773757854008,43.4346,6.485603826877286,4.886128738566948,7.319081152545428,0.11022090091253116,4.157660421883996,4.591254280097215,5.530638456875243,6.61164042813183,7.319081152545428,7.5834818071820935,7.559331465866654,7.3262309443122415,6.927622422296369,2.9667009595939606,0.14955496693304987,0.8857647584445804,2.682312947757983,0.08145328837312692,0.05852377494095512,0.05898923899274596,0.4028160663263331,0.4004565633628646,0.10557217339574373,0.10499002690402726,0.31965090353525066,0.32281597309925264,0.08375889543335593,0.08458288596005424,0.22170472156236337,0.2577418283522931,0.3673856599226661,0.4766196840917181,0.39965391209940093,0.39207526602264514,0.390243317726428,0.3673856599226661,0.33519992375870533,0.30433012490809863,0.27657620611077227,0.24961315927569264,0.374833855445983
NRO_52,49.568658329696596,24.244050501486605,6.704671907424927,32.00945244928682,18.73983155893493,19.82235464245301,0.5864287495178446,5.979196807272493,9.063241114678501,12.475993716254957,16.190927293714495,19.82235464245301,23.08827117825681,25.799135268560793,27.92088939886592,29.720238603814778,10.34813320417408,0.6217624030058534,-0.18608578609254298,0.44794848262705134,0.3022550908138034,0.9037996149242982,0.909479089312651,1.8816068497941287,1.7814241378845466,0.470569362766879,0.44551057294137786,1.8044615208861123,1.78228043393927,0.45129183821704205,0.4457362979690348,52.3,11.851256337537716,10.021928669078893,14.196594363782575,0.1844569821364382,7.308899996345329,10.020774330196954,12.106490248030267,13.519865473577843,14.196594363782575,14.292971913247914,13.983386307544986,13.471825089812544,12.79843638517996,4.947708477267508,0.3408495834376172,1.3262165480459467,3.95067965997277,0.14610567972046182,0.13653204281974587,0.14291390846858282,0.5084411638131505,0.5087257721287314,0.12721348449104017,0.12728619577857989,0.43028153909807854,0.43997230442631724,0.10763578138711935,0.1100576609160824,0.37609763525125717,0.5382889599089957,0.7209680844596547,1.2314112849633068,1.1086127468858857,0.9746025758159377,0.8397638280051856,0.7209680844596547,0.6252474068626884,0.5487825440599264,0.4895775446873162,0.43754460322585736,0.4886656267811135
NRO_O_56,65.30604079962959,30.859857961190635,-0.07211946696043015,32.52674053660658,20.60762073427744,22.688121807701016,0.6341915142817387,7.532064439719757,10.767545558055255,14.499455299562868,18.683739297223593,22.688121807701016,25.793932144394283,28.036289541198112,29.556046044983816,30.839920520842718,10.051856885887029,0.526351655074473,-0.3888926822384807,0.03884151257711441,0.2655321323755426,0.9273150857679395,0.9349104174121893,2.055886074303559,1.9394829255627144,0.5312284666801146,0.501093776768662,2.006217930179183,1.9931319731063997,0.5185674190403012,0.5152135631387755,46.099000000000004,7.301614326043025,6.930396841077547,10.756288104845572,0.14600169096954263,6.154090281401892,7.869609946759594,9.488370927891069,10.526451091454968,10.756288104845572,10.364238854993042,9.736172268580994,9.095633190588739,8.336875704938912,3.650645676229047,0.23812716204853124,1.079995497677288,3.3715982840996177,0.1131621700163425,0.09341945569571113,0.09623515483834424,0.41175558928271966,0.4120057885584717,0.10600063026027917,0.10611787297148607,0.34187988307800743,0.35074153060698654,0.08803753313609763,0.09033153029301003,0.2227267834228343,0.3366368260526976,0.4730890704362191,0.8544630494896432,0.7591149686986061,0.6658566046423582,0.5653715544447179,0.4730890704362191,0.40052785382195066,0.34562938623577816,0.30596770680132995,0.26850995069265193,0.360847682634829
NRO_Y_82,73.67541402518182,30.81722558897568,3.4356072902679444,21.571732752077057,12.903869813041496,13.724520562001453,0.5948865804579885,4.322609043533347,6.255102716098769,8.451736390186005,11.114277280668285,13.724520562001453,16.095830601890658,17.973832401557225,19.267714302431326,20.299924048343193,6.562843042154759,0.5359505826564742,-0.17012276007349764,-0.7896538057050859,0.28568485556789164,0.8933201870321671,0.898118306134067,2.176067512152747,2.0635572364439936,0.5623223995765056,0.5332756478577126,2.082630985526923,2.070124978540039,0.5381483447075154,0.5348995182364218,45.3626,4.979545309087787,3.845238958916043,5.777596929733008,0.11459560213873007,2.8079126860128425,3.53196408344105,4.498760419260706,5.382845170768925,5.777596929733008,5.775058678748487,5.601070754738165,5.327255273303057,5.103433616687414,1.9008322847004464,0.17559770256271395,0.7308163272191971,1.6995705348778913,0.08565357439787055,0.12574423528188677,0.1364380243829554,0.35479342899469435,0.35709744104447133,0.09192142776243956,0.0925087110660491,0.3142748963351586,0.32758612329769754,0.08147249595459971,0.08492883021291073,0.23303366109435525,0.30016072181880427,0.42369839521257635,0.6498782785918127,0.5602256008958302,0.5297554564477125,0.48521046161564974,0.42369839521257635,0.36210882803028754,0.3148376313081477,0.2796126517296612,0.25428163556280764,0.29203273295964366
NRY_O_14,48.65449283591438,23.983703346132664,10.129413843154907,7.848124138503962,3.917383576441903,3.9199588114929647,0.49439039241095345,0.8718300857107961,1.4165751616347695,2.0723712544318547,2.8955222131077027,3.9199588114929647,4.896608060140167,5.687722026442215,6.337347765596654,6.977206123879535,2.4704088302680436,0.6551838041219831,0.17443994433814985,-0.792125113908627,0.3543860825761696,0.7043922373391066,0.6961064344931241,1.7241994764628168,1.6640025951893764,0.5699859618875491,0.5501868768957211,1.568311402133944,1.5388631130244743,0.5182295668981723,0.5085167767946908,19.2144,2.968109531946462,1.8791491559883817,2.528557041505998,0.11005217003430734,0.8919881652556526,1.2459780810101884,1.6588148824486009,2.099273589070445,2.528557041505998,2.7773816316441686,2.8790767881314574,2.9017229896829946,2.924749216385672,1.0888128144229166,0.19155818272608574,0.702345655696131,1.6479552228598624,0.0898606903493934,0.20185635942575883,0.21937395005539964,0.40026382774238706,0.4079854858483194,0.1321072195780678,0.13459531725227386,0.33661307239914406,0.3503199637143656,0.11106502179243334,0.1155633373461579,0.3793023049513034,0.48061634009748955,0.6455290893917612,1.0152418879450031,0.8749368211293775,0.7978839100782388,0.7230394034887001,0.6455290893917612,0.5686532195911607,0.5079543119406263,0.4599193306779764,0.4210828797148494,0.44229595367699365
NRY_O_20,33.452430622913425,16.944640520103302,-0.06997455358505249,6.765478765954538,3.937197434757299,4.101383538447524,0.580246444178201,1.6584787410160922,2.323994355022746,2.9376631990212903,3.5378580938014585,4.101383538447524,4.59408185071148,5.041665917622799,5.493736174657327,5.99775434781568,1.7634029626415355,0.4783379825058239,-0.1972834419975293,-0.41086268597633896,0.2604125618658608,0.7277153223952147,0.7364517849340186,1.6514053954880061,1.5845678846910871,0.5834964344487931,0.5598499995241756,1.534537128458614,1.5220440387848773,0.5422901607333607,0.5378793471962325,15.7306,2.5764794359295635,1.785687008129035,2.1217859254657156,0.11759219538338612,1.3155441309622817,1.5460569418444263,1.7703227429161497,1.968620605321502,2.1217859254657156,2.223421417559803,2.2951258316233014,2.3605324187402514,2.4255938577316085,0.7737247147254397,0.1754202577520163,0.7191387350444405,1.3841216655001438,0.09353012574934338,0.18758735620751102,0.21026833914672866,0.33885283607231576,0.3507244085028899,0.11984575962302524,0.12404153390265087,0.30417735555588965,0.3219991866683883,0.10757463851167359,0.113871429787164,0.38025055624414544,0.452242269257089,0.5153829073880634,0.7958116938360272,0.6664860930924088,0.6021347401404373,0.5547345690567893,0.5153829073880634,0.48213376831980304,0.4536015891093507,0.42831699731800066,0.40336728438656044,0.4390862025548355
NRY_O_25,58.096209465950025,32.83953375287799,-12.177051544189453,8.822160175323994,5.797972089087983,6.135393690895923,0.6483717515148105,3.1108769139909334,3.908592304292511,4.6597920403185125,5.414392506583958,6.135393690895923,6.706081137498221,7.173112059582754,7.599519284277536,8.058901356436838,2.0285092789896497,0.37293432304168517,-0.3615155654865049,-0.1577421361153321,0.20096660998480448,0.880973449470081,0.8928334465274806,1.6930068174088206,1.6097690009924803,0.5793443628229277,0.5508954133284211,1.6689232495529942,1.6643582863824844,0.5710990656888921,0.5694916580036717,17.1188,2.2397193119127907,1.7473578251737614,2.1791170777255315,0.09754326511760888,1.5023870596637212,1.6997883368531983,1.9192350440152517,2.0933540788418403,2.1791170777255315,2.1840719342612345,2.1743109955938227,2.164668526846568,2.173188447777634,0.7379835001479648,0.133022179750408,0.7887293818201652,2.2562446644592637,0.07147864426541377,0.14126303718782968,0.14820311516079032,0.29667910642985496,0.30833487788136976,0.10176761045849592,0.10574595384645018,0.2615552281265555,0.27696063661803977,0.0896695700816204,0.09495442025655687,0.26157098278072455,0.31579084604560437,0.3757087963439917,0.4976007878275384,0.45071561242549957,0.43145397675662567,0.4088871319662606,0.3757087963439917,0.3424606115332523,0.3167154633810278,0.29613761683265255,0.2790944554533802,0.36642442406656645
NRY_Y_03,36.51021303580723,25.14958606150366,-10.622437524795533,3.925541676022619,2.2079959725262848,2.2730815959552384,0.553255055440421,0.8927993366968312,1.310424280604812,1.678545081520293,1.9989250878249092,2.2730815959552384,2.535999632828356,2.7949972256295568,3.067205829050401,3.3949120310763163,1.0115987910948074,0.5199818091950508,-0.08101168786870638,0.011789269148643108,0.2771070037520497,0.5921824147225596,0.597484438944767,1.1932340139520998,1.1358116708321524,0.46361046775639503,0.4413011338607701,1.1805112580409258,1.167696707860464,0.45867067395610617,0.45369446458346496,11.8702,2.3396007416413314,1.5118342996435081,1.7053441260352897,0.14512116974003358,0.9886288038419473,1.233371420814105,1.4335224288422503,1.5921630558381807,1.7053441260352897,1.8144182371423418,1.9245214674145743,2.0332962054339445,2.148205632359348,0.6780251854410961,0.24902672370287093,0.9127107461271233,2.0133300604618,0.12287851549994733,0.29152632261030903,0.31142275440368694,0.4624221118956334,0.45434423347744746,0.17964402672286842,0.17652083726195142,0.3968276772562992,0.4064626969826001,0.1541209181386304,0.15786410851680485,0.6022416256478813,0.6948224289463464,0.7647502787881646,1.120099340681707,0.9571523193528169,0.8716780067484656,0.8136945470577966,0.7647502787881646,0.727688466699804,0.698912257623704,0.6714671133438969,0.6397155585885577,0.6792296474162554
NRY_Y_12,50.20434835483204,30.288727111092037,-0.08254612982273102,4.414257170177625,2.178159359364671,2.1815895365834677,0.4866283395911082,0.5412950042695449,0.8960964213102335,1.2763749290022148,1.7016616219122624,2.1815895365834677,2.636749178105386,3.0302818877103865,3.4079119887964184,3.8168039736644106,1.336706749154993,0.6833308430812355,0.14943702022894118,-0.3569267663949603,0.3590328333008838,0.48038916573323504,0.45220825067369397,1.3502741780412353,1.2943595094840434,0.5514118383577409,0.5285894562673106,1.2405986490072105,1.200174589468896,0.5066605675776975,0.49016991689682426,10.019400000000001,1.7517769910988374,1.1282583619143711,1.4724741815052285,0.14070417715140435,0.6767449049855142,0.9050237228912736,1.1138839018560067,1.3066614508497665,1.4724741815052285,1.589763985573148,1.6499235479372143,1.6809297445558162,1.6994291215565425,0.616963270105525,0.2858224140734566,0.8975233363135491,2.1904593576989173,0.12606101635239753,0.22125968357381892,0.2375158051639754,0.3939914504548242,0.40105537703743177,0.1610232511689298,0.16389876275584414,0.3253785073129895,0.33263293876932654,0.13297726232320822,0.1359333616233666,0.40018522000748913,0.5207452316954921,0.6768585908630657,1.2549073895383949,1.0103819441581419,0.8715045888668345,0.7677964688981692,0.6768585908630657,0.6063318995934657,0.5483640903450466,0.4972796510983791,0.44901465857393613,0.4651303069594574
NRY_Y_15,39.00116898775532,31.328823066472523,0.029295362532138824,2.3589530169671997,1.0028114093788978,0.9217560928257583,0.4392540741710368,0.3006683414996782,0.4620365685603116,0.6113292480836261,0.7633925349298811,0.9217560928257583,1.0922502405883314,1.281894889818,1.5065890293230544,1.8053315271171393,0.6201821116122878,0.6561181798648708,0.5711585692502062,0.09525533473885466,0.34882930728122913,0.2845452925645095,0.2669698352672601,0.9851138196885942,0.9405214143817279,0.45810925823766546,0.43736713178380937,0.9462024841071791,0.9186758877356421,0.44002152471437156,0.4271898431950619,7.2264,1.3608309343419838,0.6451993265740834,0.6850687211835856,0.13005862527970463,0.3018378945963051,0.4078362964270599,0.4973866401724651,0.5889825471182057,0.6850687211835856,0.7840391706251844,0.881840218467968,0.9877123723808003,1.1199314203553945,0.37025539461289886,0.22807004476405113,0.7529141260600516,1.9636464002073857,0.10513410965480993,0.24489032838108268,0.24973958770732801,0.4012505716640039,0.39151287120587086,0.18655121539580902,0.18202071702884517,0.33765473449247274,0.33548746948712055,0.15699741191981553,0.15597820795682976,0.5813161170606043,0.6477534315946964,0.7503387254182092,1.0077904249096048,0.8902508653721977,0.8214146389027679,0.7789067155412726,0.7503387254182092,0.7239234072350618,0.6933539859266997,0.6605433058424539,0.6250590692683218,0.6016657304935373
PPO_O_05,68.64590165511461,31.899124377472123,16.766797065734863,23.460535774672284,16.29919019356668,17.82461409252341,0.6884331262231892,7.9614158185246096,11.623209826688248,14.260222077189274,16.24768726133103,17.82461409252341,19.07318242022557,20.13636254694133,21.094689025788778,22.058484103408098,5.874554706536704,0.4049944620877154,-0.9552079383117233,0.9770320507243555,0.20903541321489133,0.8175669268059987,0.8275958225926315,2.2415631682430224,2.1093264636975206,0.6301995804658382,0.5930008767654866,2.108177122321748,2.101837732588438,0.5927499242044518,0.591001033681856,33.604200000000006,5.195288942138548,4.7477108445289185,5.662357817677049,0.12705019868383988,5.848677631833871,6.087447549557423,6.014537493614141,5.846294011788692,5.662357817677049,5.550620349538605,5.445711698803811,5.327337051651446,5.225072403838469,2.1409355019410476,0.22827533997617916,0.9148469361654283,3.0583129177145834,0.11085198123285918,0.17872809001355566,0.19202053063600716,0.5338340296993399,0.5114619720713309,0.14969583319325763,0.14342575483743708,0.4880824920142447,0.5054872915543112,0.1368893725465291,0.14177669769909718,0.22262213470988718,0.29389203510893885,0.3207120348657168,0.7457481435145723,0.5303844293801786,0.4266624597122609,0.363771465312405,0.3207120348657168,0.293536936313795,0.27249316680805935,0.25433411291871566,0.238421122391231,0.36354866891252174
PPO_O_09,163.56636466193189,73.35954319842678,-6.666756820678711,29.215377652544397,21.139391367240243,22.860914168374265,0.7173582788333904,12.07853562215887,16.64375037954147,19.434660859222106,21.369861264187513,22.860914168374265,24.033078281274328,25.12644864909089,26.15980128871704,27.275978078187723,6.524039497221951,0.3531568313588,-1.3053020609864354,2.634790288352969,0.17521174799156847,0.8204493540197587,0.8222240594545831,2.2970216199753737,2.164128738949824,0.6209626876075091,0.585048809389318,2.185967256348314,2.1582949818152235,0.5909358599741775,0.5834453579338381,38.6052,5.715139962476866,5.320290741686795,6.001684515600338,0.11918193802418017,7.557837510275381,7.0368231770025975,6.53497657721052,6.225201419686939,6.001684515600338,5.884818243394327,5.794602553559241,5.758143301125623,5.68458161244674,2.3445902453896195,0.2538299974624017,1.0306375097036833,4.7311650372471235,0.10882220612607832,0.17922345783005408,0.19211642383871105,0.5807167134903937,0.5449786351992273,0.15700107598153146,0.14734773997454007,0.545148512372699,0.5555158500524776,0.14738108484759063,0.15018546233228774,0.19724736927947095,0.2549271542459327,0.265846067116611,0.6353572973299316,0.4287729181977449,0.34104318801969585,0.29516841868009364,0.265846067116611,0.247852936840614,0.2332643136904191,0.22238958385211385,0.21040374989763078,0.3595025068956067
PPO_Y_07,50.01654831815736,27.943054365640897,0.08381889015436172,21.553197039082207,17.05081674133198,17.898074156107697,0.7891945202426021,12.524534638131598,14.853676309839486,16.162502142734983,17.110309610520364,17.898074156107697,18.585865456063324,19.218026422152075,19.828288446301574,20.51346016230005,3.6851209555858895,0.22871966939299176,-1.3121193833648328,2.7486186859219957,0.11452034332389964,0.9173999721004632,0.9293317061330031,2.0172796489076354,1.9033780208087385,0.5956158917621357,0.5619965888892209,2.006075886382189,2.0055564242405755,0.5923049544143298,0.5921503448778724,27.972,3.067663881368472,3.0470730337920564,3.238246636399505,0.08026053633504646,4.5024833171202685,3.724128291439471,3.4124910757120714,3.2987736288808995,3.238246636399505,3.188040922219857,3.158167156697696,3.1374315648178945,3.0906960519298425,1.426020645034655,0.12003258690968285,1.0478592234809403,4.373761966276537,0.06117179204315541,0.10972129657274976,0.11327048596451177,0.3606279287047657,0.3588545904644202,0.1064423322553582,0.1059289385671434,0.33419823404181687,0.3455789403200387,0.09863323076133766,0.10199478375941429,0.14227370494909794,0.17870125678674936,0.18094385808455918,0.35973309776774026,0.2507060279481911,0.21113142439879956,0.19281952249103262,0.18094385808455918,0.1715392314895303,0.16432465255962894,0.1582089519285601,0.1506346292443986,0.3868325510047508
PPO_Y_09,67.9208282913154,34.293321014876184,-18.085855865478514,15.007682507666715,9.105769888211986,9.720038899523178,0.5802903280104228,3.511586747544559,5.512335376191813,7.1538882234200045,8.541490258804604,9.720038899523178,10.75240793648379,11.708049368743358,12.623424886301894,13.5950326606219,4.108286353990755,0.5575686754932881,-0.2730052599463845,0.15763264043461875,0.2862636193855715,0.6667257096541345,0.656751175266211,1.8677053029471486,1.7776683396024981,0.5516581055195154,0.5250790892394128,1.7358935473176067,1.7118983632593732,0.5127357279410729,0.5056653759282905,27.705400000000004,8.019558501933089,5.715286797065214,6.6054061399401816,0.1619516615285655,3.8986601767488525,4.956596057999595,5.6805930089567065,6.204917988189148,6.6054061399401816,6.945358223346081,7.214858268594758,7.460650307269416,7.665472437452104,2.2983583616344694,0.33936534367720905,1.028811273679771,2.468227393329558,0.1379542741457549,0.3381721346108205,0.3527765881209599,0.7869077496260705,0.7623230837943931,0.2322429818162633,0.2250004823157381,0.7071083903243698,0.7219754658080026,0.208673669551743,0.21306911460195654,0.5342630306467798,0.6277181516994361,0.680309936484946,1.1092170019582284,0.8995900029354958,0.7951890627757757,0.7272097367879047,0.680309936484946,0.6465032967316936,0.6166510107516038,0.5913473196380804,0.5640784179137477,0.5595964800039221
PPO_Y_13,50.45323624163852,22.923886734553054,4.994363737106323,15.935400231557475,11.556519769124947,12.49659209303055,0.7203808280038014,6.62275465122503,8.885556980931261,10.485720306322223,11.651598689888203,12.49659209303055,13.166781968363244,13.751007938407493,14.329209151877304,14.974859303979263,3.472823404306434,0.33277470744169174,-1.0713288299815464,1.2254341528963333,0.17435567399896795,0.8696135768152364,0.8862145161100882,2.0249400183346196,1.877109154067113,0.6495147081209522,0.6021045268000126,1.951189492995153,1.9550602846188838,0.6258391111829267,0.6270721706404327,20.9804,1.9261716123563342,2.5976194652272846,2.6249640891462116,0.11417825078629291,4.5459759866010465,4.103320691678525,3.5129366792827184,2.986610561953055,2.6249640891462116,2.4087959916750394,2.2696423185664245,2.1562170519045036,2.047327137109278,1.3052949717976134,0.17631377954660585,0.8438986065109775,3.305922063749712,0.09690246042012544,0.12330524048087761,0.13420833008053482,0.3628488524930594,0.3534758063904014,0.11637949486004713,0.11338046326874476,0.3005932493155368,0.3206731436806073,0.09641596283185846,0.10286183030204057,0.1209126357053737,0.2250968159889945,0.2104558325833387,0.6875366262720053,0.46227789473375225,0.3354598370526674,0.2567465003112997,0.2104558325833387,0.1832478306188699,0.16523593828080158,0.15061725297706355,0.13678909296378033,0.3758759696524533
PPO_Y_17,55.648652587545584,22.913161221877473,-0.01613248996436596,13.895852740297125,9.140723927757781,9.601485693324666,0.6406903161264976,4.939516382925206,6.598739709271612,7.814067421406152,8.774149536845604,9.601485693324666,10.343747193003393,11.035490158586096,11.75976199854476,12.599880661978464,3.0831729872911167,0.40748897889198943,-0.5969706137636972,0.4166552473775851,0.21838431998596047,0.8290603350343506,0.8279341580953871,2.0317437242199823,1.9305783571161748,0.6537756199126515,0.6212355362744966,1.9125088778413306,1.9006344940479507,0.6153877980571059,0.611556315617698,20.7816,2.9055187107045617,3.0408009949895183,3.2995440549689965,0.13462084636234856,3.7279634671383297,3.6756822940937126,3.5251180198494394,3.403607282291797,3.2995440549689965,3.2069930516652576,3.1450235302500498,3.0752739477079336,2.984849970141295,1.0290179647205808,0.22602255567629922,0.7835143945824721,2.263654098083604,0.11310955168068466,0.17666895557240042,0.19921455967250154,0.3709975201986679,0.38074022088596865,0.1194052304840582,0.1225536582020903,0.33618159056629515,0.36445402777332025,0.10821709779776725,0.11731471279151015,0.2148010200816765,0.34568510661046703,0.36035596115396284,0.7963914492485853,0.5898242971871478,0.47738114015920496,0.40866332308939163,0.36035596115396284,0.32389941832709884,0.29634291355821707,0.2707748626332673,0.24432202171673745,0.334450653007447
PPY_O_09,49.93718800860292,30.021464604916304,10.830346584320068,14.594995890548907,11.382783452974419,11.8156900906193,0.7763924036060994,8.54806472182758,9.87884980162165,10.690534751662582,11.303220611361416,11.8156900906193,12.276583944191511,12.702602535182796,13.148359265630443,13.668198828053468,2.260493095307458,0.21578258842998874,-1.06083439178848,1.9753335257753282,0.1117110704394774,0.9214425552674005,0.9281956337764947,1.8073528066718847,1.7040420218459544,0.5936408233612342,0.5597074932777214,1.8359275651422038,1.8280533172020412,0.6030264524885682,0.6004400869415136,19.5496,1.9875471544948358,2.0581651232795815,2.098911568875535,0.08176973404338646,3.015595242083976,2.5780199244727466,2.3283202747357103,2.1826561725623086,2.098911568875535,2.023752569037252,1.9745526041298647,1.9256784645308287,1.9056437815851435,0.8716021743878501,0.1273708488377993,0.9373233499044634,3.752870418040767,0.06553236171748784,0.11889257912360915,0.12806509608892477,0.28648943815771793,0.28965996589058735,0.09409995952335426,0.09514134706367412,0.2749766125939693,0.2866788430922194,0.09031847135920151,0.09416217122925422,0.13716816245348656,0.18246908730624062,0.1794585652048969,0.35550428393789407,0.263766898975755,0.22024583554177832,0.19513663472246426,0.1794585652048969,0.16644053584640392,0.15684526729699372,0.14769777900218017,0.14055547169350252,0.386400086279057
PPY_O_24,49.335414863264255,30.662581608272347,0.09400376230478287,5.593535367517271,3.1496883986681943,3.164158270711154,0.5700622069552594,1.5179726100271718,2.039827820626226,2.4561169178146622,2.8194378025738898,3.164158270711154,3.5052201925450186,3.8619161637561645,4.258313336282673,4.752147502209001,1.3461400185288972,0.5010650300395441,0.004646341759478634,-0.19508270149400325,0.2638381018806446,0.5035274565358173,0.47402229441175603,1.3639569191204295,1.2884258308112404,0.5287545738968,0.4994680124971218,1.238631137912369,1.184758064691351,0.48017983918060586,0.45929580588603625,11.731399999999999,2.6851402286515293,1.6406075001322251,1.7653028764349237,0.15295745938448038,1.1820328723554083,1.3598850848903972,1.5020806189993707,1.6361538268774407,1.7653028764349237,1.8867515820552234,2.0133196866175043,2.1538960494540484,2.321257959425517,0.6244639273004988,0.29928515017474305,0.7601420336633897,1.5742919035142373,0.12801196001740298,0.3097170562460844,0.3226853740395449,0.6237455780319199,0.6220961265132843,0.2418500115321224,0.2412118761797915,0.568083556935896,0.577490155038781,0.22027284788656232,0.22392576471229764,0.483675380035346,0.525770433189237,0.5634241976686685,0.7930306727429884,0.6763087841754869,0.6193121309979364,0.5867101878850332,0.5634241976686685,0.5432822658409264,0.5258573698559289,0.5099623106797018,0.4922672568001028,0.46588771981409066
PPY_O_31,69.030319405603,38.91845066707681,0.09227343201637268,13.429151471798031,9.293131699149686,9.741275138371307,0.6852278752487277,5.616201203847147,7.184725765407251,8.223733312502992,9.037663374848705,9.741275138371307,10.37763206812684,10.993314484655347,11.613523996261941,12.297318766187335,2.7563906580197806,0.32803247561430804,-0.7641354221990229,0.8280009287400049,0.1749015247384686,0.8670337162217578,0.8742508717650068,2.00763823297858,1.91093851586416,0.6619270914823204,0.6300366349442849,1.964787941467225,1.957223131836025,0.6477349697120481,0.6452372008665531,19.067,2.6451935083907743,2.4756655612701053,2.730128484744876,0.1078027590259782,2.8843954404612164,2.7829796103222977,2.7498431436794672,2.737847243085985,2.730128484744876,2.7225340004897847,2.697078218972595,2.6766587843044034,2.6456592442114197,0.8191361715346321,0.16565341984168852,0.7833188440849242,2.3501158634977903,0.08463533957837002,0.15509956538499015,0.16928424540454873,0.36139986132873575,0.3613629773423779,0.1191377813682275,0.11913702546019214,0.35140083382257964,0.368029753309261,0.11589030265313034,0.12139073331670247,0.1973090947954986,0.2671411682914586,0.2812248725050125,0.516798332182919,0.3892586139522442,0.33590184283581154,0.3041490435910833,0.2812248725050125,0.26309102340677903,0.24594261601248085,0.23091815218608086,0.21550145935486853,0.29738637477684776
PPY_Y_01,34.61656077528375,25.005968932768877,7.729100894927979,3.9924877789584876,2.489630378769576,2.503654210871393,0.6291248160998024,1.5202276375695638,1.8768227271736104,2.115014515167217,2.313468921992861,2.503654210871393,2.700090315610354,2.909380623553259,3.1445482039814734,3.453467621467597,0.8294318964364044,0.3646158459613637,-0.2695832741529929,0.9830676431693217,0.19252679679210166,0.7595330357307737,0.780267292939252,1.163001903775934,1.0891189438007842,0.5099505365337217,0.4775480318116017,1.2115883131438228,1.199322263938504,0.5312959796727663,0.5259055464526802,8.2248,1.2491562739844164,0.8532512893808821,0.9157835696345415,0.13242917107135935,0.9224907108752889,0.8844944940579561,0.8714938738907223,0.8827563791525204,0.9157835696345415,0.9630828445397853,1.0123299188886767,1.0665388308423223,1.1321506002434027,0.38069342730376354,0.18792063841876133,1.125504556645875,3.0376102529960756,0.09992993430900433,0.21491648691556567,0.2298684719917672,0.37064586323708426,0.3768173241435021,0.1624573843495982,0.16516132491481572,0.30695512825417476,0.3140382762638326,0.13458092656653195,0.13768843935969693,0.3130976558607884,0.3443059284424267,0.3676198425874083,0.6109736412986021,0.47515180954255587,0.415352202813766,0.38408526313881386,0.3676198425874083,0.35793595738241313,0.34876450822076827,0.33968384740531177,0.32827791517170885,0.46043351217653034
PPY_Y_22,100.06771725120885,61.61254427990404,-0.4229147553443909,5.528300606450682,3.1665407775545953,3.221210638492124,0.5614657910486711,1.619320279212019,2.225878264160251,2.6180029716998563,2.935015280255996,3.221210638492124,3.5049880356455767,3.8100540698516623,4.162965611434757,4.636897302642181,1.1989726634062563,0.4213985622689105,-0.29241043336603806,0.372548710271347,0.2299930897961732,0.7896006877722288,0.8119714449642712,1.5406749663358066,1.4594442014847027,0.6130569719878741,0.5807129589788609,1.5550643854324482,1.5465940577824724,0.6188104415551918,0.6154485405692555,10.626000000000001,1.7227754168500842,1.224449507076257,1.302122259459048,0.10268134807086962,1.1060591449334227,1.1722416286185375,1.2104952700605724,1.2534235630677328,1.302122259459048,1.351908135312391,1.4057972403052013,1.4743072484498174,1.5796489813739725,0.3942140216377449,0.15694205236818515,0.7013126569659859,1.6708283056392084,0.08315083362021261,0.17694455825289945,0.18730235648573829,0.29878870897985205,0.30482302284579,0.11881556163386256,0.1212266076066398,0.2775830422032299,0.2839078012384055,0.11041689635338266,0.11294051978826411,0.3196757706300207,0.3953338976109488,0.41373185056930356,0.6998282063982229,0.5384811504588362,0.47252014191291697,0.4366749613515203,0.41373185056930356,0.3951310881045618,0.3783975534528008,0.36345320040425033,0.3495149560471991,0.3346785542787991
PPY_Y_23,29.557834735183114,25.03928226044822,-11.789151287078857,2.08300244637701,1.1551503712533635,1.1286825005151468,0.5853292802100094,0.5731434276114883,0.7325240542595963,0.8717753483628595,1.001832691134532,1.1286825005151468,1.2559883406511667,1.3952509228932464,1.5602625551617182,1.7723114547153898,0.5428772051492075,0.5483392937155791,0.2024968732833702,-0.30746820815148035,0.2843075510532484,0.2669763455663333,0.25112741696031093,0.7843376623198357,0.742825006684499,0.403003515493233,0.3816221323213246,0.730353341527869,0.699291633697148,0.37526899150933496,0.3592923767725441,5.3198,1.2418141043669058,0.7402994356473463,0.7845517905601251,0.18912314780492837,0.5668928095832444,0.6358125344967936,0.689628796096712,0.7368202363776911,0.7845517905601251,0.8313473855142366,0.8895335548278535,0.9666533778397209,1.068956381510944,0.31732418672342644,0.3286809410068006,0.7894022845830551,1.562885248441446,0.1476404911673105,0.28626163981239017,0.29101350745986837,0.46217553023668917,0.4525571374064331,0.23849285633452047,0.2335280214196011,0.43130515729577057,0.4287427567189237,0.22256473038694818,0.22127306972793556,0.5982950683363203,0.644611170207422,0.6998882677067685,1.0154390097240575,0.8823224579335806,0.8003878795314895,0.7418791970509722,0.6998882677067685,0.6658937451096313,0.6406913319790268,0.6220047150840744,0.6051468888129319,0.5866407869488289
ULM_147,68.12864998308365,30.61720670029676,4.379443091154099,49.11862098932524,29.690467621631296,31.577576488559657,0.6064283506809889,10.840708350733653,16.313107753043543,21.584594557873764,26.81728371033783,31.577576488559657,35.781879862577334,39.48038437690302,42.61246528713101,45.3791045532462,14.75380642565678,0.5543336379165196,-0.3272827005453404,0.8376540618135794,0.2734105064031466,0.9278470737878706,0.93019448985321,2.187850836683457,2.099069024584378,0.49709075102129735,0.47692185589130875,2.0897844436526265,2.0694376561206385,0.47481095962096614,0.4701890485601853,79.87039999999999,22.266816044372227,17.08356159752346,22.303276895293227,0.17987934792037583,12.352611260381675,16.268151734295706,19.106380600853022,21.074545414841896,22.303276895293227,23.008839289998907,23.3191292672304,23.313686722431004,22.992612089664455,8.599745763856749,0.3261030032850396,1.3512710007500637,4.389753770704056,0.14008213983375833,0.12104999016460156,0.12760624537869003,0.5322335882292164,0.5381302279293367,0.12091310648400477,0.12225005303934892,0.4589614978788547,0.4622929350810628,0.10427068401462283,0.10502766245673145,0.4646926123350079,0.5857832730984569,0.7170675160416992,1.149944462082475,1.0065137903724266,0.8937989568070959,0.7959640699526117,0.7170675160416992,0.6547351024757605,0.6023881866246771,0.5587513026217013,0.518270119512968,0.5940901973045268
ULM_27,61.73955971496024,28.44044900756729,-0.09306392818689346,23.640164111392334,14.953450024181219,16.056914882524776,0.6424858327207245,5.9290089429934865,8.798855252643671,11.468868347735414,13.881037447909964,16.056914882524776,17.919279601488597,19.533966782492737,20.937567290881468,22.15354310032305,6.716479318202626,0.47494946194983945,-0.5155990657691975,0.40296505722322984,0.2444996543286458,0.8539020728162832,0.8568433038688064,1.9830636070056908,1.8770044947509905,0.5014455187717682,0.47453682590267593,1.9038979381589538,1.8852448197050378,0.4816237414682263,0.4769515415424408,50.9246,12.082791402818257,8.083738546156098,9.89964868028461,0.14972819356549116,5.3159975339326575,6.738389656689651,7.946133719527299,8.992756150016502,9.89964868028461,10.686358081963915,11.329859865964286,11.749284008342254,11.936466939195824,4.376814675430735,0.2489314581666949,1.0637615870752297,3.1224844684018946,0.11842924650372,0.16845746284242563,0.18200326789628865,0.5146636283504948,0.5141778542642543,0.13005089810295073,0.12993659355887108,0.44008630804422477,0.4445480166153321,0.11121891943396511,0.1123557587299703,0.5091779008410579,0.5422527976152647,0.6174257490844061,0.9344236884960015,0.7829581170046875,0.7009886787667006,0.6509257570546519,0.6174257490844061,0.5960590853516771,0.5790175614512112,0.5597935784947659,0.5369820467254653,0.6513078817004192
ULM_310,73.36760357881343,27.0389748481473,-1.8203750133514405,27.153578663684527,14.918185466200976,15.001389142350115,0.5535032417293346,5.426631414649195,7.829618695158186,10.221095468375092,12.588553936686221,15.001389142350115,17.41295212619874,19.73254127745891,21.991994956169798,24.213626729458195,7.876119015339617,0.5968266014203859,-0.037542196625679314,0.40439852825163225,0.30283787119352884,0.8627546410382638,0.859923251125978,2.0762674937824275,1.996344702723065,0.516627771926791,0.496742973516883,1.958240023343929,1.9404056793514743,0.48729773406283483,0.4828794028060329,54.205799999999996,14.335195027809771,9.507942273700795,11.854157062525843,0.1796111116136265,6.689701117320986,8.18626212177328,9.55799663869015,10.75533289474031,11.854157062525843,12.727885413484803,13.443249405872843,13.91823286774759,14.189281290434597,5.255858225977034,0.3304174609202515,1.1891571401897743,3.554393405442905,0.14371956922753176,0.16567645479580723,0.1816948440625923,0.4449850423663582,0.4576186642815969,0.11055174130028393,0.11370188325051797,0.3860693656640374,0.3990983423351023,0.09593648753352421,0.09918140891119312,0.5318883513212311,0.6422416655554217,0.7920533790651703,1.2482453710188328,1.0509510227398615,0.9376437702791435,0.8563472786492348,0.7920533790651703,0.7331037498138265,0.684373179065536,0.6368824877269743,0.5901592016866213,0.6735302725695176
ULM_325,98.84010192796597,38.832138215524154,20.596162414550783,28.955088565900592,17.344825286968963,18.149895380729347,0.6241863380580261,6.981306719055456,10.099386687626048,12.994020979912637,15.699259913055352,18.149895380729347,20.395761334220374,22.540391088306055,24.55083636391986,26.43867572347424,7.953627760083643,0.4615721659096499,-0.4424812981179177,0.41914605978929986,0.24108342713167769,0.9340090252901547,0.9376789929386014,2.2810706139969534,2.1855421026683866,0.532544398241497,0.5102495616306831,2.2055457085700447,2.193180286614829,0.5148950248873188,0.5120041120967288,70.6828,17.304654273254528,10.355921435817342,12.369934861959859,0.14027298075378503,5.548929818477982,7.272712451535898,9.173724454381489,10.875773790100624,12.369934861959859,13.619886546533024,14.765422860017287,15.72577444953107,16.54049548962778,5.874715593493219,0.21556296589327334,1.014601473484292,3.0978172206350867,0.1035718819849808,0.10162761826144902,0.10658594719798527,0.5282965382963974,0.5359447600685423,0.12335238594967098,0.12513255740849943,0.43015902104178405,0.4286185752916998,0.1004472776308509,0.1000896606533211,0.5988803075591976,0.5987695847876248,0.6837495395730124,0.8235791160144945,0.7378585646043272,0.7146916399013709,0.697105312029184,0.6837495395730124,0.6689610867508751,0.6555798201174208,0.6411248929731406,0.6263757002551122,0.7439893371041035
ULM_345,75.79348981582442,36.83198224987814,1.8739680707454682,30.493858693941444,19.25665058873367,20.08707016481604,0.6520032187958955,9.460757335572062,12.652195496230217,15.286463224001135,17.7814272074934,20.08707016481604,22.21651990488235,24.19100790708254,25.9649371737629,27.747069647837133,7.7908069595938345,0.4248271122646628,-0.5615104945424358,1.3513778641664422,0.21578940064878446,0.9249862615808855,0.9295003783211507,2.0959670176213363,1.9911553239360984,0.49341727784754646,0.46873033754352933,2.0647413951611857,2.0499770799092714,0.4861124343783733,0.4826360163037971,68.6768,16.60549262237057,10.55072199636629,12.699866828283938,0.16317836623601742,6.834064827329691,8.284048724126778,9.862992164922016,11.37934656301376,12.699866828283938,13.847567346319774,14.78455458165936,15.471091274234729,16.00219238213571,5.750812174386543,0.24071716870299217,1.2988013467748125,4.422022794393606,0.11530378618933776,0.12537360610858922,0.1336409492711445,0.46435448434537907,0.47635445610078764,0.109289870306567,0.11211218235427647,0.39537981162589114,0.39979779906163815,0.09305056733259576,0.09409069863455313,0.5456278662742144,0.5510170517842002,0.6354053756467153,0.7388136826991253,0.6674613434001703,0.6533303372685966,0.6448604011313258,0.6354053756467153,0.6257728727660656,0.6127069796734401,0.597224380314222,0.5779585273351937,0.7439350984940575
ULM_80,173.41573432262592,68.6574818768125,0.0011557363905012608,23.0019446655365,14.423050378596248,15.40350627256739,0.6229723087988985,6.1347468479083105,9.115649207840622,11.454191553030402,13.524562425701067,15.40350627256739,17.031940565493663,18.50899407332026,19.831264024718365,20.994195452911384,6.0846859413405046,0.46807080722616423,-0.5698799125473762,0.8313078764722122,0.2426921362297417,0.8853907339877962,0.8857967201980692,2.213663797761138,2.1037580298286445,0.5622867703418492,0.534407601077691,2.1854572013637936,2.1702659713823467,0.5551035849863939,0.5512305430428193,50.117399999999996,10.818481332332395,7.486144179274246,9.00827439270427,0.15404095882703492,5.232293117261885,6.327615703386504,7.293816647140791,8.223922430863409,9.00827439270427,9.64174056205448,10.179076680330018,10.555126495770622,10.724996701767827,3.741659508261596,0.261263121985687,1.0872296571258824,3.7413807390363445,0.11605075563760767,0.14890507711412737,0.1649133087709247,0.4356314195857487,0.44714235382102074,0.11051139200429035,0.11346782870948136,0.4074876129437433,0.42002376239913514,0.10341052793837413,0.10659226963119536,0.47690813914503954,0.5246258449536653,0.5908449579211548,0.8549796156718437,0.696537707214586,0.6403687506103715,0.6129738188916954,0.5908449579211548,0.5726767426684598,0.5567046808017629,0.5391109121170212,0.5176396986234094,0.6220738401039642
ULO_107,128.72407047501287,54.40707502687629,15.032242012023925,26.872409841065195,18.198730283321446,19.577237230049242,0.6749701394539194,8.838938909227036,12.76161828312548,15.427485400060727,17.649182298525307,19.577237230049242,21.27006928512945,22.767573414268394,24.027888427087895,25.166606753678515,6.828695459627144,0.4172687554007662,-0.9228852313722411,1.445624607002225,0.21234893396215537,0.8920165786165268,0.8969057558828537,2.231605209632638,2.0917630303705574,0.5634712651629967,0.5281058617692653,2.1889700773463194,2.172576858384052,0.5528854903491431,0.5487674451468918,50.5858,8.357748559685664,6.514047874822576,7.709365251860137,0.1376374692517503,6.639771849014944,6.9224789877184945,7.065884650881077,7.325574613826214,7.709365251860137,8.040550675597817,8.32440405307058,8.436438893554982,8.44099073487997,2.850430103914369,0.23440615151327887,1.1080783927540057,4.352599119492711,0.10849254583968237,0.1374142172161933,0.15151980976455406,0.44901360175059973,0.45530827965239107,0.11332611210594726,0.11493329078692956,0.39928925645752966,0.41090444741302673,0.100757494429182,0.10369304357688232,0.31222339140968947,0.3592477585912628,0.3943796449131867,0.7548191705347655,0.5448134550899081,0.459508340178333,0.41585156349102786,0.3943796449131867,0.3788825281647976,0.36665915171606395,0.35245138907418433,0.3366426649145008,0.41941801998220374
ULO_139,60.661460046813794,28.157834211958736,-10.97727656364441,29.672216146934215,19.5135522498195,21.34933711463186,0.6514164230056212,8.026218141513748,12.131762285380841,15.599756686176267,18.686720118035456,21.34933711463186,23.55259670137353,25.317002189995623,26.74712783155382,28.006716755403403,8.353836669224531,0.47292493376276407,-0.6431217798743128,0.42649031374254076,0.24212045849521985,0.8940590316734408,0.9010595699356412,2.08395314057312,1.9602168391334325,0.5215942213241502,0.4906338985041092,2.0170576843719825,2.0059749767410957,0.5048709790892518,0.5020857830219494,52.0878,10.434668372780473,8.291834787312094,10.2930461187351,0.1422146083757648,7.073747176553338,8.353316942759525,9.196407456417273,9.859655607153698,10.2930461187351,10.568569913799738,10.732487953936417,10.749122541754552,10.633119872658533,3.584933198690986,0.22638186765176868,1.0163432783832393,3.0364524059667537,0.11043883130093449,0.1327544028725887,0.14047418759869523,0.4518023192448791,0.4572781238038307,0.1132018592142912,0.11457724140466803,0.382441540165403,0.39232547571169707,0.09583582785433459,0.09831131049338566,0.3583333615242433,0.43115181391231355,0.4890443267001371,0.8871938022088056,0.6950295942507809,0.5957150610790996,0.5338040511061101,0.4890443267001371,0.456095840462064,0.43151616961893974,0.40947853424434477,0.3870061551896569,0.43713820457300245
ULO_188,47.60534223360797,25.035449865106578,-0.07115374803543091,24.10105785372422,16.484342439595295,17.979105017497783,0.6764784479371576,7.954035265533838,10.80045686934344,13.370056083441378,15.767615550692648,17.979105017497783,19.74164376878783,20.953916650927116,21.907105572424207,22.846860049772296,6.4697962974202,0.4303917315774656,-0.6090110176528438,0.5085934152521712,0.21912122291184405,0.8153703270614715,0.8206884788777474,1.9377257176518914,1.821656352560506,0.5079079625476505,0.47747803392472676,1.8475730474755374,1.8285070954344618,0.4842812655882186,0.4792787986922445,43.720800000000004,8.345633098604507,7.005529252386194,8.936437636665868,0.14629305206622015,6.343280896079226,7.399243890171583,8.180116896011533,8.693557249175052,8.936437636665868,8.946554200559063,8.889395969339452,8.745280897485745,8.54806729655949,3.2079065173060797,0.2321538064477795,1.1210989626356072,3.456426507408273,0.11434945027744443,0.1898148894471991,0.2073084666058138,0.4658916553891294,0.461456328271992,0.12218620983640963,0.12101617745052332,0.41589175374307147,0.43111731982668466,0.10907035208413274,0.11306372232751297,0.3485667800974118,0.42626532568721,0.49879094015084513,0.7972012030179684,0.6844019412330825,0.6118180065183486,0.5523015414108814,0.49879094015084513,0.4553976557889955,0.42659658809114065,0.4015174047910989,0.3765906961000703,0.5003020521332286
ULO_237,58.2827067014634,27.270717534030446,0.08255838751792907,36.795972552536526,22.486783962080217,26.01289219844316,0.5963802874428357,3.674564940999576,9.218317586099023,15.79268124976474,21.512245827423143,26.01289219844316,29.454385413492105,32.025761688836695,33.868132651898996,35.27463879652257,13.22842066117226,0.6852912819691215,-0.5475379570394181,-0.13316408990417344,0.3394725116145767,0.7347567501328329,0.7289019647114138,1.9748133373414383,1.8748447254872125,0.500740432175159,0.4754614695420812,1.8245096791266626,1.7887511397974805,0.4624955691542782,0.4534022540123225,49.8486,8.790383099564272,8.317056429561351,12.558015530201137,0.1538546685545187,6.802356048499891,10.851481765006984,12.80605170576494,13.03741458618361,12.558015530201137,11.943246661210088,11.28433019329881,10.529238752915177,9.712619594247405,3.9681964725937346,0.33662838906256076,0.9954167259287579,2.7067766057109646,0.13747155882340606,0.16672007007841602,0.18336196344537442,0.4468181046852293,0.438264645693992,0.11329015453854259,0.11112135670212926,0.3849035423811984,0.3876341587298263,0.09756902025559964,0.09825762362480617,0.24057502531920733,0.37671236631298133,0.4986293115665056,2.0191518754031557,1.2644160115367225,0.8534976375212407,0.6312906308004299,0.4986293115665056,0.4159160663030175,0.35940396441543326,0.3155938572834201,0.278395366228666,0.299743350114407
ULO_271,59.92853446505692,31.421006265921015,3.645633602142334,21.914483052798595,14.227597652375056,16.088485734905596,0.6343452638397749,4.718614411365959,8.03859510529595,11.180011542031078,13.89646370960783,16.088485734905596,17.67928751728881,18.891710207358216,19.851713714071376,20.724406061917307,6.985090046019488,0.5914214600433996,-0.7268058064510436,0.9176774730593273,0.2868129529883733,0.7211128092930003,0.72033499607641,1.8065374430198902,1.7045615794253681,0.4963934302274147,0.4683559683607467,1.7114389000742356,1.6813070544273785,0.470187158175691,0.46182862397627905,36.3238,5.4659522126943925,5.7176456581417945,7.907574301746619,0.17595822964959473,6.233797486734351,7.739672874824684,8.296165483008249,8.249170645489512,7.907574301746619,7.488638017005153,7.013283326837119,6.540315985064872,6.056775418557641,2.5450971669682763,0.34618392573875767,1.2858886404845755,4.257093146038225,0.15086126442301595,0.19796164108369804,0.2186867825706341,0.43365588712147546,0.4360251293524199,0.11951280075320796,0.12015102164323029,0.39569532025257265,0.41016333210861733,0.10900357877566218,0.11297912613903309,0.2519302248056889,0.40638640769739026,0.5005394675335498,1.3455335716455492,0.9873400749663326,0.7616548055240456,0.6069553517022545,0.5005394675335498,0.430149717813929,0.37676146370743124,0.33403822205392814,0.2959842751123512,0.36777114924337145
ULY_Y_231,83.32707601812976,43.508543813117676,7.424963283538818,25.49224233858889,11.507306566983942,10.99581483239257,0.4301321835238969,2.2585144507793236,4.358389580114651,6.5658045162781375,8.73711969847602,10.99581483239257,13.274425847799568,15.881802323711298,18.538173479160054,21.41857002872974,8.372788693672392,0.9520093155112278,0.46105448145036965,1.402636094447089,0.43444715144049606,0.5481227782409978,0.49433787399092577,1.710456042289207,1.5764190930089057,0.4346630798078886,0.40057334706829073,1.5308255067476995,1.4336948301802321,0.38899964362071915,0.364292392422071,49.5954,14.996001408319193,9.865689949163524,12.98659562131113,0.19631031179352582,5.938751756783313,8.404822382374645,10.314264777326402,11.769686953929655,12.98659562131113,13.828430325062211,14.528460330607013,14.920665673872236,15.060170116539359,5.688490670838846,0.5910798276275827,1.5315238266803635,5.848601602047035,0.18635343771083507,0.26520093829564023,0.2805678676525635,0.6491072018253156,0.6295513155800514,0.1650515207075897,0.1600731233008898,0.5292797602371326,0.5193805856937805,0.13458543763964517,0.13207054153834258,0.5936123361973862,0.8628407448107666,1.1953133286214659,2.6837164961543296,1.973385466905554,1.6093771124067289,1.3725833572123955,1.1953133286214659,1.051715980920001,0.9222246189464481,0.8114963588413042,0.7089195760469471,0.6849785344675294
ULY_Y_232,59.15226301400041,35.06705213303678,-17.596483993530274,12.777133142939508,5.40908252579664,5.112463968394573,0.44224437350046586,0.6151161163811242,1.3959586278029463,2.5443578107172957,3.802360669622794,5.112463968394573,6.429506478277281,7.785166724828825,9.192023514328275,10.659918670237017,4.406836922065307,0.8259567434034929,0.5217466634849002,0.6195065902367001,0.39668729736339614,0.43932088772378963,0.3955313192598871,1.3156409030432479,1.2381177635740164,0.3305145045794265,0.3110505705096788,1.22876730383246,1.1671748635930055,0.30865311649491634,0.29319305258648054,52.2856,14.471975265600264,7.316553356113393,9.187567751827043,0.16469227953236942,1.9893958968484102,3.8818735114851917,5.9499292800353984,7.690215242333944,9.187567751827043,10.474259995191707,11.647945432864173,12.599726781740278,13.455674283852648,5.564695496148696,0.47620410069923313,1.2377600998395277,4.558931722414498,0.1569496615807583,0.2712306333814135,0.26856721566486363,0.6293410657508167,0.6078205329244935,0.1579217058071673,0.15253269023182933,0.4832871858224708,0.45841291639664317,0.12126016452651367,0.11502988554204037,1.1455573256945544,1.3557134501156651,1.8155057575061353,3.076526583375574,2.638558394184436,2.3381521604607496,2.0414274362035005,1.8155057575061353,1.6475392736735046,1.5139242829611217,1.3862468467367746,1.276285585084843,1.2795252559292423
ULY_Y_25,48.950628526488025,22.91562612021487,12.523197174072266,31.91907801909806,14.20143874685447,13.507956817372143,0.4593166274108988,1.859562389275715,3.811267148776049,6.629034396061674,9.984808156008418,13.507956817372143,17.088444683372842,20.617171714806084,24.07665137569366,27.57784668367767,11.600772692884144,0.9285541694572288,0.4257641600902928,0.8537938296355196,0.42134991804257405,0.7214636612603685,0.704410139497255,1.7705896573661484,1.6804457223874323,0.4385095033882349,0.4161909261176643,1.6030378761528545,1.5447858070949905,0.3970167766272893,0.3825963213649338,54.641200000000005,17.07908859301385,11.059206558353868,16.063459977415008,0.19659010907240676,5.011500383245641,8.191480274652715,11.384192060169028,14.071676131557115,16.063459977415008,17.42546625070105,18.19235297741921,18.39924580936997,18.039107131297843,7.192147053518622,0.5248623764910934,1.4624112063450398,5.1878388079847735,0.1746858677506007,0.20432748017514285,0.2250660020837408,0.5691779368501523,0.559011568805074,0.141006488327106,0.13848888664414508,0.44649122463202334,0.4350171222283855,0.11059574152845468,0.10775700084364954,0.5405173902658749,0.783928608763475,1.1986914134855693,2.6597801661229465,2.144615075981367,1.721264752770176,1.4166095050427663,1.1986914134855693,1.0283127357909718,0.8909997015245488,0.7715914303768308,0.6606108573552758,0.6269157606150925
ULY_Y_96,36.534552696782235,26.41039999552811,-14.44983787536621,5.547715281109236,2.457450248385814,2.2678670596928785,0.45802434045212853,0.6815421778623538,1.0069816051717515,1.3721814045009124,1.7968324382210503,2.2678670596928785,2.7444831276623325,3.272654983259771,3.8491843006850552,4.521996474028506,1.67596576043053,0.7331937934520563,0.5748243239603872,0.7086190854025649,0.3580009106887103,0.33208843168724644,0.30252202846740806,1.0382984418074694,0.9669078032993381,0.31261541486728683,0.2911040181949568,1.0177463098174246,0.9719882238647969,0.3066271534673687,0.2928819097606195,26.705600000000004,5.3709797047488355,2.712080390657527,3.2077331710286026,0.17397346758973448,1.136378057204601,1.5442494411106604,2.0600453524389475,2.6395830604658843,3.2077331710286026,3.6944187679836107,4.155554167260432,4.544804458126174,4.922036386451048,1.9481983118151267,0.42265201967687177,1.160318437367557,3.6068528255290104,0.15542531826671785,0.2850529297540671,0.2826269233471863,0.5633896440126114,0.5351365140756834,0.16949638741694512,0.16097279498393505,0.46223977614455586,0.4461100583922747,0.13917717574765592,0.13435878450110755,1.0166342108899613,1.1626486924272552,1.546867618658899,1.7191516103859275,1.5941783121633142,1.6006474913149453,1.6034921764465593,1.546867618658899,1.4688906683813903,1.3723848676472392,1.2651950844266047,1.1563080721659134,1.2110520820444926
