site,site_type,year_estab,years_since_dist,elev_mean,slope_mean,forest_type,mean__chm,max__chm,sd__chm,cv__chm,mean__crr,mean__fhd,mean__veg_height_cv,cv__veg_height_median,mean__veg_height_kurt,sd__crr,sd__vci,mean__vci,mean__groundstorey_capture,mean__understorey_capture,mean__midstorey_capture,mean__upperstorey_capture,sd__groundstorey_capture,sd__understorey_capture,sd__midstorey_capture,sd__upperstorey_capture,mean__canopy_cover_gt1m,sd__canopy_cover_gt1m
AGG_O_01,AGG,2011.0,14.0,499.878173,8.674254647,AG,17.795597562089803,38.85,9.588872798787389,0.4491988211172269,0.5568608577731653,1.9054825004115004,0.6112103431073262,0.6309702759317413,0.0021431226417127245,0.1454320634946476,0.13460408986730177,0.5257632502471237,0.48546109261446596,0.34096334199014056,0.1520318202549908,0.3726505535078868,0.30434804018224965,0.21724726236980837,0.12056106498590849,0.23372786131297332,0.6728862386396136,0.20260424658820125
AGG_O_05,AGG,2011.0,14.0,379.045078,0.638262311,AG,17.953837149428754,32.018,6.74357553962489,0.3479056008762479,0.6299356153847046,1.809089728064161,0.544776084568823,0.5278025920748566,0.7004291012324998,0.16330952370159232,0.137338464662725,0.5269375466096421,0.4651483999737357,0.27424483478620854,0.2762958877726048,0.4047848837055118,0.37385746050353896,0.2586686612509642,0.10209843035776796,0.23031916022605897,0.7174044712684088,0.1654754658586685
AGG_O_07,AGG,2013.0,12.0,504.2823423,11.79821632,AG,13.855631944736677,40.6126,9.134958549074122,0.7048446059004162,0.5697773483123753,1.5618772600156001,0.5747640365198734,0.8973120440428632,0.20654524813291647,0.15623205205576887,0.13566811205791235,0.43161579775229775,0.32564128266894177,0.536894939605281,0.0,0.15011090191560458,0.2972779504466686,0.24384204582267438,0.0,0.1499713543910818,0.6381345123117643,0.23637343506585093
AGG_Y_02,AGG,2019.0,6.0,374.4937981,10.15717964,AG,9.439318293793542,30.384800000000002,4.969537601595759,0.690716961670746,0.56445362347663,1.394114157786606,0.45097182799537244,0.570737410423571,0.34700093254176584,0.1296581490073118,0.11968383304102836,0.3929769150109557,0.6368351691390615,0.42218086984319675,0.2859805990043781,0.060774186672842,0.2870046448383735,0.25747648978392224,0.08367436904941948,0.10668802755784819,0.6550732443198413,0.2345458520892983
AGG_Y_03,AGG,2019.0,6.0,280.2782097,12.21460594,AG,11.75318650067894,41.9452,7.956365534347496,0.9383657644370313,0.5251114502488827,1.6232474957992309,0.5801155060097325,1.0978615276253685,0.030834580632069425,0.13525121567570858,0.12587953910685007,0.42800655858886555,0.4847206547691984,0.49821574194835383,0.3095687997581723,0.02936074182082642,0.30485245599663385,0.27870999073712843,0.09005613126084432,0.10308336866213816,0.6261080020402242,0.20593672988234313
AGG_Y_04,AGG,2020.0,5.0,285.5961845,8.653495141,AG,7.349467971287163,25.4956,4.7778850972820965,0.7116015780667071,0.5017109911557325,1.3748922107579915,0.6290059126555466,0.8989794364016335,0.10108033218247336,0.1557326799939745,0.15218269419412706,0.41006403325070656,0.5515071033199929,0.4303474394556918,0.18671117733090412,0.03269659807555744,0.33596448269056933,0.25678202358888763,0.1179621518082095,0.09227705273708305,0.5178483415753247,0.2426128816269395
EPO_O_04,EPO,1991.0,34.0,328.1758631,6.942890882,EP,38.23988553261108,52.336400000000005,13.330357976312275,0.3487523857843699,0.5636948257824403,2.177094316535067,0.6207498666726076,0.7006031240304549,0.18754357435724428,0.16767597876353293,0.11487086549395005,0.5463568214451813,0.22233953730785588,0.20662422321588778,0.717144317802127,0.37959315867931226,0.311173087163895,0.2390669497755351,0.2250000142053688,0.25725007868503913,0.868068835075493,0.1254955864902009
EPO_O_13,EPO,2000.0,25.0,417.0118977,13.35779275,EP,27.2994840658334,38.0424,6.7692952917182065,0.24681934744446415,0.5907782786383566,1.9727762115685255,0.6611539866220857,0.5580200400590318,0.20759123148483152,0.17537538750056875,0.14155784791299647,0.5366313166199331,0.3443111737424439,0.26718728840013267,0.0,0.5613244947371159,0.28671932566219355,0.2481569519208847,0.0,0.2357084776618584,0.6854489547504755,0.20370928045239464
EPO_Y_10,EPO,2007.0,18.0,537.9689735,3.639231508,EP,25.902797594582218,32.952600000000004,5.477747940793364,0.21473612100199055,0.6118686274782213,2.0868265130454633,0.6402532522818614,0.41424627010532966,0.3997773232206216,0.15063237808245736,0.1523106418593714,0.5888719036139252,0.5577692374414873,0.11823704952552863,0.0,0.6067467598674159,0.28658711039530615,0.17272259180473923,0.0,0.1952107571734347,0.652078525244268,0.19360459079516898
EPO_Y_15,EPO,2005.0,20.0,544.0175451,8.981092052,EP,19.754897332960603,26.893,4.028354288882285,0.2049973975585341,0.5347717035245955,2.093690252470044,0.6938681184596491,0.5812196565707789,-0.6915280202414463,0.1420270602186479,0.10341326553382672,0.6243999678140544,0.5597139908405855,0.5891929203992419,0.0,0.4416486813626489,0.3363389487018833,0.2375076108686594,0.0,0.20203884140316783,0.7749356568297813,0.14409502220884263
EPO_Y_36,EPO,2005.0,20.0,373.9389894,2.775445574,EP,14.125612419659339,20.8292,4.09873349360317,0.29568269325999985,0.5204441252246473,1.6225036555246155,0.7584314101671046,0.7006940524947465,-0.23495525142975476,0.16084709075247194,0.1396167729152149,0.5237060030911402,0.7107408819666892,0.43144373582073703,0.0,0.40162897719540813,0.31892738280898714,0.28507661959643593,0.0,0.21058995861948554,0.6841350158937579,0.1979529881240924
EPO_Y_37,EPO,2002.0,23.0,377.0918094,5.827362739,EP,19.546503046601913,29.839199999999998,5.400514191857178,0.2845025658157782,0.5187854658363699,2.201588235971566,0.601493392008186,0.5728717505778891,-0.23191875092986564,0.13193990433549718,0.10291980225514245,0.6386666777007441,0.7937628168748843,0.4569352774337007,0.717012988205522,0.348013731788129,0.2770150002983606,0.271176151747187,0.19368540083378222,0.23581700204477057,0.9005346238516874,0.10440521019140343
EPY_O_01,EPY,2011.0,14.0,409.6084246,7.213790656,EP,24.30071967445173,30.3114,3.348425277527176,0.13787544737355972,0.732646311497582,2.1029896853920578,0.3949312231680101,0.23616505930598491,2.615523723196007,0.12859804811462325,0.13294645757546575,0.6080154811013361,0.2477724290920297,0.18796854680027636,0.0,0.659269864978048,0.28806725920875104,0.18400875693299162,0.0,0.17602635287685273,0.7238864801135182,0.16127283398203163
EPY_O_07,EPY,2011.0,14.0,602.9787704,2.841855853,EP,19.01123838668625,26.9406,3.608839293377143,0.1937833672892409,0.6234388072530421,2.3268413403399917,0.45975668192775326,0.3381392693992562,-0.2677013213613523,0.11594824060082672,0.11769896981996222,0.694907214985182,0.13313429518752268,0.12467373152466288,0.0,0.6823219325850157,0.21230557549821483,0.12408818326552326,0.0,0.12961224222508966,0.7239171047035098,0.120104619857564
EPY_O_09,EPY,2012.0,13.0,387.7080181,7.718757714,EP,16.1151005781962,22.355,3.81709724556899,0.23690578093830936,0.7401529901260682,1.5974903362976764,0.3799398911199528,0.35214248448872265,1.6888203358437068,0.15366663638349443,0.13431342495782572,0.500201753166696,0.1400913105205213,0.2345083581108897,0.0,0.4984488907666507,0.21842717630375455,0.21232683343714837,0.0,0.23580212893645186,0.6247409549999904,0.1901385125149584
EPY_Y_03,EPY,2017.0,8.0,577.9202269,5.539975632,EP,8.354218011159729,15.072,3.4961913108335687,0.42074614175870967,0.670645065773242,1.3551648355161336,0.39076144371259147,0.5399901475737467,0.36899311766437953,0.16531162327729193,0.1965163402141998,0.4804073294404117,0.21253655795340504,0.29651326253107513,0.0,0.3020065980386963,0.33773222223871957,0.286428402449572,0.0,0.2645371392110919,0.5338968565519068,0.25507176086665645
EPY_Y_04,EPY,2020.0,5.0,470.3689424,16.95591156,EP,3.410365583575036,9.708200000000001,2.3656378609527744,0.7474883035920765,0.47923134476278506,1.121582898008413,0.6996500865615667,0.9830426519193726,-0.2207845500003253,0.16236116153341684,0.21590258498141202,0.46348374207575527,0.4196653229576762,0.20139495589406287,0.0,0.15811570488189783,0.2615873648249102,0.19528973773372632,0.0,0.20561705388796683,0.3036906835140039,0.27157201460083175
EPY_Y_05,EPY,2020.0,5.0,334.7840411,8.611865997,EP,5.733618063131276,10.574200000000001,1.7866666041670132,0.32746128119121487,0.5456941455674218,1.5994425208457366,0.43754268195660684,0.3711849969191051,-0.12535029660930236,0.1004200614997647,0.14795215061958783,0.6346625241580395,0.17586906470565272,0.0,0.0,0.6471676692300121,0.16501764420563036,0.0,0.0,0.17011630966036978,0.6471676692300121,0.17011630966036978
NRM_31,NRM,1994.0,31.0,470.8943404,7.143108841,NR,20.541966206167494,36.1516,6.128783040002581,0.3011686303580457,0.6342080886953665,2.1401979134813165,0.4126511585049285,0.46354698125733745,0.16686046242823022,0.1268216741132539,0.0934821634083478,0.5907815061297619,0.2465934368370125,0.26133537021086484,0.6797024935754495,0.3410799268353686,0.3271818004909845,0.2520910921425102,0.20662256198894974,0.28994467780870564,0.850812629199973,0.11468705266950412
NRM_O_15,NRM,1991.0,34.0,480.002444,8.955634231,NR,16.994284953660376,28.211199999999998,4.677869293552546,0.2767013071956921,0.5927102157567438,2.032225102930968,0.5292487937944074,0.4649472465843495,-0.6383044781025414,0.12243019010788067,0.12163359476111604,0.5964526882292172,0.6403291404407994,0.2630900685746814,0.7074364809982773,0.3584448358294955,0.3513728832532334,0.2831666566201144,0.25813419633485235,0.2256927861571937,0.8648033216488319,0.1464459364347548
NRM_O_19,NRM,1990.0,35.0,599.8467864,5.835121694,NR,23.780319883958942,33.2496,3.748231024051165,0.15818012009242813,0.6241758175179244,2.266996620797083,0.4901193572030563,0.3730477495796455,-0.5806144161386082,0.1171698022322809,0.0927518533675317,0.6379919325188224,0.2694231950060854,0.45037991485729484,0.5948393612327576,0.48231456243511295,0.34656084365795653,0.3058313430929991,0.2643460971242396,0.20733691322057374,0.8911135578989888,0.09920644855516178
NRM_Y_39,NRM,1996.0,29.0,545.8163448,7.344161575,NR,14.03689863958051,25.959600000000002,4.59168295496268,0.3387338832692869,0.5781999480757107,1.9874955029338164,0.5484928298811869,0.5072146190895824,-0.3762652398916141,0.11651867263031532,0.1125776695824551,0.5964156737075463,0.7156218317449916,0.7906948069519968,0.0,0.3039226043260449,0.3117720471220256,0.16893833594458588,0.0,0.22863875902610004,0.8637889143726856,0.11877505547124882
NRM_Y_41,NRM,1999.0,26.0,361.6259372,10.20814353,NR,17.289279954363884,29.019,3.841554230454232,0.22330196129049043,0.631285338953521,2.042674713615857,0.40784807128287665,0.3698232619296956,-0.28339846108773525,0.10413234824302468,0.09005056859335167,0.5911516292118052,0.2722227332944178,0.2184958435436175,0.7814240374508964,0.3711545407535349,0.3356325713669844,0.258886064383395,0.1771318511855789,0.2269999342920086,0.9002407806305464,0.08699668748991464
NRM_Y_69,NRM,1998.0,27.0,361.483742,14.44900357,NR,19.417582791926737,26.736399999999996,3.6705521020275027,0.1908327015361447,0.564199337290064,2.3619236395738907,0.5123767569829297,0.39515786374803963,-0.6935027147969675,0.09866954465258064,0.09397903187404118,0.705930881104356,0.4625157358872823,0.404446460196571,0.6955773910552564,0.41538976799963184,0.3232115414943443,0.21932084812211067,0.13880237035675766,0.20923881018104157,0.8958951773531224,0.07333771892488897
NRO_138,NRO,1970.0,55.0,454.6945061,6.947021303,NR,27.369720658508317,43.769999999999996,7.47034547645381,0.2753859184109943,0.5841905798016056,2.218065677219408,0.5279014535367198,0.5006224364842111,-0.14078075033347578,0.1319194584347247,0.10597900136686333,0.5823494614694162,0.302543323654651,0.18340718081680518,0.6914710667859973,0.346942667185615,0.3195860955002607,0.2146860712301073,0.19677817210823917,0.22915260744507399,0.8478336045375029,0.1096689004067168
NRO_174,NRO,1976.0,49.0,470.8991234,12.24768833,NR,21.7572730242118,35.7046,3.857749577634452,0.1771047915090866,0.6014540231666218,2.196258200076355,0.49196976749779936,0.39173919567523685,-0.7237780653011484,0.10326013622325478,0.0836561688147768,0.6060183453248973,0.47697538194253575,0.3866857274676784,0.7648791863136383,0.4453585030983084,0.3763633107843139,0.3116384570275947,0.1748496641370552,0.20408591495844502,0.9242307777008769,0.06959984017311141
NRO_190,NRO,1966.0,59.0,328.4433109,11.02503029,NR,29.206859570653574,43.4346,6.485603826877286,0.22170472156236332,0.6515379310064586,2.2746272842046196,0.42366062296998397,0.3673856599226661,-0.1424537706240636,0.11022090091253112,0.1055721733957437,0.5966807729273869,0.3579652554903799,0.34233586881259614,0.8438182917883342,0.42951720421805506,0.38308710616315855,0.3431798108272222,0.17258987431667155,0.2394869496436077,0.9516209191038636,0.0585237749409551
NRO_52,NRO,1971.0,54.0,406.7979917,7.956454025,NR,32.00945244928682,52.3,11.851256337537716,0.37609763525125717,0.5864287495178446,1.8816068497941287,0.6217624030058534,0.7209680844596547,0.44794848262705134,0.18445698213643819,0.12721348449104014,0.4705693627668789,0.4480578810505147,0.7792556312539516,0.296612992218821,0.38628388052129664,0.39145134416539246,0.25453148184695695,0.3383925900207022,0.2884473043029613,0.9037996149242982,0.13653204281974582
NRO_O_56,NRO,1962.0,63.0,352.4256306,11.98721611,NR,32.52674053660658,46.099000000000004,7.301614326043025,0.22272678342283428,0.6341915142817387,2.055886074303559,0.526351655074473,0.47308907043621906,0.03884151257711442,0.1460016909695426,0.10600063026027913,0.5312284666801146,0.3781482669547417,0.5902918586148742,0.5691086901545857,0.42292718660475553,0.38691715994362763,0.3150543559302167,0.32072390699753484,0.2558812100334822,0.9273150857679395,0.09341945569571106
NRO_Y_82,NRO,1972.0,53.0,323.2676392,20.17654936,NR,21.571732752077057,45.3626,4.979545309087787,0.23303366109435522,0.5948865804579885,2.176067512152747,0.5359505826564742,0.42369839521257635,-0.7896538057050859,0.11459560213873002,0.0919214277624395,0.5623223995765056,0.44489778903271765,0.45322397961130456,0.6394747389674729,0.4683810918914643,0.36275314407909276,0.3034759225931009,0.2723621201569576,0.2067171553406313,0.8933201870321671,0.12574423528188677
NRY_O_14,NRY,2013.0,12.0,380.0942997,8.68095675,NR,7.848124138503962,19.2144,2.968109531946462,0.3793023049513034,0.49439039241095345,1.7241994764628168,0.6551838041219831,0.6455290893917612,-0.792125113908627,0.11005217003430727,0.13210721957806779,0.5699859618875491,0.6885906939028313,0.5390159594013614,0.3666872086824021,0.0025088597167253744,0.29855152348179026,0.24904825250704218,0.2070085584400183,0.01757815180544156,0.7043922373391066,0.20185635942575883
NRY_O_20,NRY,2013.0,12.0,568.0164767,9.319241912,NR,6.765478765954538,15.7306,2.5764794359295635,0.38025055624414533,0.580246444178201,1.6514053954880061,0.4783379825058239,0.5153829073880634,-0.41086268597633885,0.11759219538338608,0.1198457596230252,0.5834964344487931,0.3476540046433768,0.6704174231352178,0.0,0.1917982250666248,0.3249753992133333,0.19864575765203474,0.0,0.2332297024004523,0.7277153223952147,0.18758735620751094
NRY_O_25,NRY,2011.0,14.0,323.5793655,9.055455876,NR,8.822160175323994,17.1188,2.2397193119127907,0.26157098278072455,0.6483717515148105,1.6930068174088206,0.37293432304168517,0.3757087963439917,-0.1577421361153321,0.09754326511760886,0.10176761045849587,0.5793443628229277,0.29352133197952707,0.8335457933768694,0.0,0.23737893035891391,0.35040592998233755,0.1949423616671701,0.0,0.2362415542900628,0.880973449470081,0.14126303718782968
NRY_Y_03,NRY,2017.0,8.0,474.4008579,14.89137762,NR,3.925541676022619,11.8702,2.3396007416413314,0.6022416256478813,0.553255055440421,1.1932340139520998,0.5199818091950507,0.7647502787881646,0.011789269148643094,0.14512116974003356,0.1796440267228684,0.4636104677563949,0.6072043412325705,0.5190301913530855,0.0,0.15781545269846786,0.32908521205761465,0.2882271196413201,0.0,0.24322364769322066,0.5921824147225596,0.29152632261030903
NRY_Y_12,NRY,2016.0,9.0,545.526754,10.54878235,NR,4.414257170177625,10.019400000000001,1.7517769910988374,0.40018522000748913,0.4866283395911082,1.3502741780412353,0.6833308430812355,0.6768585908630657,-0.3569267663949603,0.14070417715140432,0.16102325116892974,0.5514118383577409,0.5061651883574945,0.3843692319835748,0.0,0.15370521088415223,0.2932381117644641,0.2183177249694464,0.0,0.17044891190275713,0.48038916573323504,0.2212596835738189
NRY_Y_15,NRY,2020.0,5.0,548.6173846,7.599190369,NR,2.3589530169671997,7.2264,1.3608309343419838,0.5813161170606043,0.43925407417103673,0.9851138196885942,0.6561181798648708,0.7503387254182092,0.09525533473885461,0.13005862527970458,0.186551215395809,0.45810925823766546,0.5895913687715637,0.0,0.0,0.28454529256450944,0.27205381509272303,0.0,0.0,0.24489032838108266,0.28454529256450944,0.24489032838108266
PPO_O_05,PPO,1999.0,26.0,435.0247247,8.886067774,PP,23.460535774672284,33.604200000000006,5.195288942138548,0.22262213470988712,0.6884331262231892,2.2415631682430224,0.4049944620877154,0.3207120348657168,0.9770320507243555,0.12705019868383988,0.14969583319325758,0.6301995804658382,0.27214535448771526,0.200558525544357,0.0,0.7725427206782193,0.2979444202064073,0.21930453278699255,0.0,0.2011103084409584,0.8175669268059987,0.17872809001355563
PPO_O_09,PPO,1997.0,28.0,215.1096085,2.970027139,PP,29.215377652544397,38.6052,5.715139962476866,0.19724736927947092,0.7173582788333904,2.2970216199753737,0.3531568313588,0.265846067116611,2.634790288352969,0.11918193802418013,0.1570010759815314,0.6209626876075091,0.27983985406130696,0.08880563546192802,0.02360929535726576,0.7948468520271794,0.2914705016895148,0.144713493376511,0.03811821136201488,0.1951200843122942,0.8204493540197587,0.17922345783005406
PPO_Y_07,PPO,2004.0,21.0,419.4293651,17.04746957,PP,21.553197039082207,27.971999999999998,3.067663881368472,0.1422737049490979,0.7891945202426021,2.0172796489076354,0.22871966939299174,0.18094385808455912,2.7486186859219957,0.08026053633504644,0.10644233225535818,0.5956158917621357,0.24390687986980156,0.12482436961476477,0.0,0.9061477119743037,0.33392979680904844,0.23779094386529476,0.0,0.11986117441758508,0.9173999721004634,0.10972129657274972
PPO_Y_09,PPO,2003.0,22.0,525.8251439,8.476854076,PP,15.007682507666715,27.705399999999997,8.019558501933089,0.5342630306467798,0.5802903280104228,1.8677053029471486,0.5575686754932881,0.680309936484946,0.15763264043461875,0.16195166152856544,0.23224298181626324,0.5516581055195154,0.40987446358769597,0.20064511088271594,0.34965999032013134,0.44914216795465256,0.326852035557249,0.22979929132663743,0.2970614811112546,0.33737721911457313,0.6667257096541345,0.3381721346108204
PPO_Y_13,PPO,2010.0,15.0,581.8351617,7.567828342,PP,15.935400231557475,20.9804,1.9261716123563342,0.12091263570537367,0.7203808280038014,2.0249400183346196,0.3327747074416917,0.21045583258333864,1.2254341528963333,0.11417825078629289,0.11637949486004709,0.6495147081209522,0.3240072997179496,0.2031173266993697,0.37791211252538537,0.7429385001688693,0.3569457453329968,0.21618893637854467,0.2530387068088137,0.20156977501481715,0.8696135768152363,0.12330524048087754
PPO_Y_17,PPO,2010.0,15.0,566.9536323,4.293027048,PP,13.895852740297125,20.7816,2.9055187107045617,0.21480102008167648,0.6406903161264976,2.0317437242199823,0.40748897889198943,0.36035596115396284,0.4166552473775851,0.13462084636234853,0.11940523048405816,0.6537756199126515,0.4054326530476079,0.5359592948315479,0.0,0.6429861523783676,0.3619341468148405,0.25576484222290335,0.0,0.26722353739802773,0.8290603350343506,0.17666895557240042
PPY_O_09,PPY,2014.0,11.0,305.4351063,3.176828863,PP,14.594995890548907,19.5496,1.9875471544948358,0.13716816245348654,0.7763924036060994,1.8073528066718847,0.2157825884299887,0.17945856520489686,1.9753335257753282,0.0817697340433864,0.09409995952335422,0.5936408233612342,0.2054936479379621,0.3844759390693643,0.0,0.8753882029354461,0.3311310882917599,0.3493425277331347,0.0,0.1663131286359615,0.9214425552674005,0.11889257912360911
PPY_O_24,PPY,2015.0,10.0,394.8149903,9.111147075,PP,5.593535367517271,11.731399999999999,2.6851402286515293,0.483675380035346,0.5700622069552594,1.3639569191204295,0.5010650300395441,0.5634241976686685,-0.19508270149400325,0.15295745938448033,0.2418500115321224,0.5287545738967999,0.20422652279892875,0.28161724231263213,0.0,0.3560895878173703,0.2540656609418196,0.21592679322642602,0.0,0.28687572976916104,0.5035274565358172,0.3097170562460844
PPY_O_31,PPY,2011.0,14.0,446.164469,9.603263511,PP,13.429151471798031,19.067,2.6451935083907747,0.19730909479549857,0.6852278752487277,2.00763823297858,0.328032475614308,0.2812248725050125,0.8280009287400049,0.10780275902597818,0.11913778136822747,0.6619270914823204,0.23448192344388236,0.21385251783374618,0.0,0.8362317361993131,0.295909128285046,0.24837519454488,0.0,0.1750234396625822,0.8670337162217578,0.1550995653849901
PPY_Y_01,PPY,2019.0,6.0,296.1795061,5.315732784,PP,3.9924877789584876,8.2248,1.2491562739844164,0.3130976558607884,0.6291248160998024,1.163001903775934,0.3646158459613637,0.3676198425874083,0.9830676431693217,0.1324291710713593,0.16245738434959814,0.5099505365337217,0.45008852455006004,0.0,0.0,0.7595330357307737,0.3705998880850766,0.0,0.0,0.21491648691556567,0.7595330357307737,0.21491648691556567
PPY_Y_22,PPY,2020.0,5.0,169.7751661,7.77138591,PP,5.528300606450682,10.626000000000001,1.7227754168500842,0.3196757706300207,0.5614657910486711,1.5406749663358066,0.4213985622689105,0.41373185056930356,0.3725487102713469,0.1026813480708696,0.11881556163386253,0.6130569719878741,0.4548638410242923,0.26930379515485414,0.0,0.6121252201665308,0.29069880468634474,0.08278305029784834,0.0,0.2189780084935284,0.7896006877722288,0.17694455825289943
PPY_Y_23,PPY,2020.0,5.0,247.5448594,11.20469088,PP,2.08300244637701,5.3198,1.2418141043669058,0.5982950683363203,0.5853292802100094,0.7843376623198357,0.5483392937155791,0.6998882677067685,-0.3074682081514803,0.1891231478049283,0.23849285633452041,0.403003515493233,0.2603576554124366,0.0,0.0,0.2669763455663333,0.2620177201111128,0.0,0.0,0.28626163981239017,0.2669763455663333,0.28626163981239017
ULM_147,ULM,1950.0,75.0,457.9015529,7.370228408,UL,49.11862098932524,79.87039999999999,22.266816044372227,0.4646926123350079,0.6064283506809889,2.187850836683457,0.5543336379165196,0.7170675160416992,0.8376540618135794,0.1798793479203758,0.12091310648400477,0.4970907510212973,0.4694677067253149,0.7783900092391198,0.4349978440383614,0.39404251395378365,0.39874286967429196,0.2645103510398314,0.3828154495096613,0.3274427544448824,0.9278470737878706,0.12104999016460156
ULM_27,ULM,1950.0,75.0,360.0,0.0,UL,23.640164111392334,50.9246,12.082791402818255,0.5091779008410579,0.6424858327207245,1.9830636070056904,0.47494946194983945,0.6174257490844061,0.40296505722322984,0.14972819356549114,0.13005089810295067,0.5014455187717682,0.3463312460767268,0.44165614762209093,0.6046557293993025,0.2567897379292382,0.3531298445511524,0.31928015719956737,0.29827262605003846,0.29398360908170507,0.8539020728162832,0.16845746284242563
ULM_310,ULM,1950.0,75.0,556.9193064,7.405789337,UL,27.153578663684527,54.205799999999996,14.335195027809771,0.5318883513212311,0.5535032417293346,2.0762674937824275,0.5968266014203859,0.7920533790651703,0.40439852825163214,0.17961111161362645,0.11055174130028386,0.516627771926791,0.59844401013566,0.6763769500987892,0.47885137751866613,0.23479408441886887,0.34131598434013954,0.26173129098417347,0.35406016903484966,0.28234055092178506,0.8627546410382638,0.1656764547958072
ULM_325,ULM,1950.0,75.0,422.2408449,17.54862301,UL,28.955088565900592,70.6828,17.304654273254528,0.5988803075591976,0.6241863380580261,2.2810706139969534,0.4615721659096498,0.6837495395730124,0.4191460597892999,0.14027298075378497,0.1233523859496709,0.532544398241497,0.507379068514709,0.597787075817781,0.77439640505775,0.16539611741215743,0.37108954128558924,0.31189386245947753,0.2249724103554373,0.2572043658915287,0.9340090252901547,0.10162761826144898
ULM_345,ULM,1950.0,75.0,528.3935813,15.28424629,UL,30.493858693941444,68.6768,16.60549262237057,0.5456278662742144,0.6520032187958955,2.0959670176213363,0.4248271122646628,0.6354053756467153,1.3513778641664422,0.1631783662360174,0.10928987030656694,0.49341727784754646,0.4743674754637821,0.5122238489918262,0.7941551399609119,0.14216250057373458,0.38944766489929966,0.35616468719830874,0.24732080627787845,0.23930726472119868,0.9249862615808853,0.1253736061085892
ULM_80,ULM,1950.0,75.0,578.6903399,6.988675163,UL,23.001944665536495,50.117399999999996,10.818481332332395,0.47690813914503954,0.6229723087988985,2.213663797761138,0.46807080722616423,0.5908449579211548,0.8313078764722122,0.1540409588270349,0.1105113920042903,0.5622867703418492,0.5149368248736446,0.5375702017169864,0.7214050049600587,0.05180515364742681,0.34510188600074476,0.2885951025987178,0.27145365359808815,0.1364601849186218,0.8853907339877962,0.14890507711412732
ULO_107,ULO,1950.0,75.0,346.871622,11.24557706,UL,26.872409841065195,50.5858,8.357748559685664,0.31222339140968947,0.6749701394539194,2.231605209632638,0.4172687554007661,0.39437964491318667,1.445624607002225,0.13763746925175024,0.1133261121059472,0.5634712651629967,0.43845234619556744,0.37804349599745757,0.7883602694513359,0.15153495236944575,0.37550683482335834,0.31142680059622246,0.21371030784465042,0.21167216403071962,0.8920165786165268,0.13741421721619324
ULO_139,ULO,1950.0,75.0,373.638412,1.705147315,UL,29.672216146934215,52.087799999999994,10.434668372780473,0.3583333615242433,0.6514164230056212,2.08395314057312,0.47292493376276407,0.4890443267001371,0.42649031374254065,0.1422146083757648,0.11320185921429113,0.5215942213241502,0.526238328807688,0.426337337760609,0.7414682666566138,0.21113338946774035,0.3805621503166218,0.35420086533251083,0.24145119432096881,0.2592642005476293,0.8940590316734408,0.13275440287258863
ULO_188,ULO,1950.0,75.0,508.9572366,18.51335841,UL,24.10105785372422,43.720800000000004,8.345633098604507,0.3485667800974118,0.6764784479371576,1.937725717651891,0.43039173157746546,0.4987909401508451,0.5085934152521712,0.1462930520662201,0.1221862098364096,0.5079079625476505,0.21354246407816446,0.23904504572530128,0.5586759755720394,0.3996800502959248,0.28568155105348214,0.2797896447003373,0.32221954373284106,0.2829048071344544,0.8153703270614715,0.18981488944719907
ULO_237,ULO,1950.0,75.0,419.5279498,14.63067994,UL,36.795972552536526,49.8486,8.790383099564272,0.24057502531920733,0.5963802874428357,1.9748133373414383,0.6852912819691215,0.4986293115665056,-0.13316408990417342,0.15385466855451865,0.11329015453854252,0.500740432175159,0.4870959527595862,0.3079532719523141,0.09729998508318996,0.5597300726039501,0.2850166470972181,0.24663590523214066,0.1761461715348397,0.21082199015223724,0.7347567501328329,0.166720070078416
ULO_271,ULO,1950.0,75.0,264.8278364,8.79026504,UL,21.914483052798595,36.3238,5.4659522126943925,0.25193022480568883,0.6343452638397749,1.8065374430198902,0.5914214600433996,0.5005394675335498,0.9176774730593273,0.17595822964959468,0.11951280075320789,0.4963934302274147,0.41878478694158067,0.26835457105548677,0.23948045331531959,0.4810722471940906,0.32915444611516465,0.2686042077758062,0.2665155146358097,0.2462749199035089,0.7211128092930003,0.19796164108369801
ULY_Y_231,ULY,2018.0,7.0,495.3444395,14.73045914,UL,25.49224233858889,49.5954,14.996001408319193,0.5936123361973862,0.4301321835238969,1.710456042289207,0.9520093155112278,1.1953133286214659,1.402636094447089,0.1963103117935258,0.16505152070758966,0.4346630798078885,0.5619554554347252,0.2618506877887473,0.12466131759075513,0.2815488165219898,0.27738473141657183,0.24031708152807224,0.18515137191616626,0.2813343597049197,0.5481227782409976,0.2652009382956402
ULY_Y_232,ULY,2019.0,6.0,152.0547387,9.794870899,UL,12.777133142939508,52.2856,14.471975265600264,1.1455573256945544,0.44224437350046586,1.3156409030432479,0.8259567434034929,1.8155057575061353,0.6195065902367001,0.1646922795323694,0.1579217058071673,0.3305145045794265,0.6990389029513759,0.29764744695771506,0.10110435031280036,0.11794338331103174,0.25752539193178625,0.2418076942596155,0.17015347132817008,0.20517664875944203,0.4393208877237895,0.2712306333814135
ULY_Y_25,ULY,2019.0,6.0,262.7550217,18.91260256,UL,31.91907801909806,54.641200000000005,17.079088593013854,0.5405173902658749,0.4593166274108988,1.7705896573661484,0.9285541694572288,1.1986914134855693,0.8537938296355196,0.1965901090724067,0.141006488327106,0.4385095033882349,0.5897099944568713,0.5574836845148576,0.09419642922122916,0.2543751389580763,0.3310305482508194,0.28722692320946425,0.16767989722781204,0.24431083484394867,0.7214636612603685,0.20432748017514282
ULY_Y_96,ULY,2018.0,7.0,406.4298715,3.238498965,UL,5.547715281109236,26.705600000000004,5.3709797047488355,1.0166342108899613,0.45802434045212853,1.0382984418074694,0.7331937934520563,1.5468676186588988,0.7086190854025649,0.17397346758973445,0.16949638741694512,0.31261541486728683,0.7153848935359977,0.18993077438116152,0.18304243375191162,0.01227069951832514,0.27862792606844256,0.22387841938317238,0.23171875163162975,0.05904015668173004,0.33208843168724644,0.2850529297540671
